,Genre,Production Company,Movie name,Director name
0,Action," Dune Entertainment, 20th Century Fox, Ingenious Film Partners",Avatar,James Cameron
1,Action, Marvel Studios,Avengers-Endgame-(2019),
2,Drama," 20th Century Fox, Paramount Pictures, Lightstorm Entertainment",Titanic-(1997),James Cameron
3,Adventure," Lucasfilm, Bad Robot",Star-Wars-Ep-VII-The-Force-Awakens,J.J. Abrams
4,Action, Marvel Studios,Avengers-Infinity-War,
5,Action," Universal Pictures, Amblin Entertainment, Legendary Pictures",Jurassic-World,
6,Adventure," Walt Disney Pictures, Fairview Entertainment",Lion-King-The-(Live-Action)-(2019),Jon Favreau
7,Action," Original Film, One Race Films, Universal Pictures, MRC, China Film Company, Dentsu Inc.",Furious-7,James Wan
8,Action," Marvel Studios, Paramount Pictures",Avengers-The-(2012),
9,Adventure, Walt Disney Animation Studios,Frozen-II-(2019),Jennifer Lee
10,Action, Marvel Studios,Avengers-Age-of-Ultron,
11,Action, Marvel Studios,Black-Panther,
12,Adventure," Warner Bros., Heyday Films",Harry-Potter-and-the-Deathly-Hallows-Part-II,David Yates
13,Adventure," Lucasfilm, Walt Disney Pictures",Star-Wars-Ep-VIII-The-Last-Jedi,
14,Action," Universal Pictures, Amblin Entertainment, The Kennedy/Marshall Company, Legendary Pictures, Perfect World Pictures",Jurassic-World-Fallen-Kingdom-(2018),J.A. Bayona*
15,Musical, Walt Disney Animation Studios,Frozen-(2013),Chris Buck
16,Musical," Walt Disney Pictures, Mandeville Films",Beauty-and-the-Beast-(2017),Bill Condon
17,Adventure, Disney-Pixar,Incredibles-2,Brad Bird
18,Action," Universal Pictures, Original Film, One Race Films",Fate-of-the-Furious-The,F. Gary Gray
19,Action," Marvel Studios, Paramount Pictures, DMG Entertainment",Iron-Man-3,
20,Adventure," Universal Pictures, Illumination Entertainment",Minions,
21,Action, Marvel Studios,Captain-America-Civil-War,
22,Action," Warner Bros., DC Films, RatPac Entertainment, The Safran Company, Cruel and Unusual Films, Mad Ghost Productions",Aquaman-(2018),James Wan
23,Action," Columbia Pictures, Marvel Studios, Pascal Pictures",Spider-Man-Far-From-Home-(2019),
24,Action, Marvel Studios,Captain-Marvel-(2019),
25,Action," Paramount Pictures, di Bonaventura Pictures, Hasbro Studios",Transformers-Dark-of-the-Moon-(2011),Michael Bay
26,Adventure," Wingnut Films, New Line Cinema",Lord-of-the-Rings-The-Return-of-the-King-The,
27,Action," Eon Productions, B23, Metro-Goldwyn-Mayer Pictures, Columbia Pictures",Skyfall,Sam Mendes
28,Action," di Bonaventura Pictures, Tom DeSanto, Don Murphy",Transformers-Age-of-Extinction,Michael Bay
29,Action," Warner Bros., Legendary Pictures, Syncopy",Dark-Knight-Rises-The,
30,Adventure, Disney-Pixar,Toy-Story-4-(2019),Josh Cooley
31,Adventure," Lucasfilm, Bad Robot, Walt Disney Pictures",Star-Wars-The-Rise-of-Skywalker-(2019),
32,Thriller/Suspense," Village Roadshow Productions, Warner Bros., Bron Creative, Joint Effort",Joker-(2019),Todd Phillips
33,Adventure," Walt Disney Pictures, Disney-Pixar",Toy-Story-3,Lee Unkrich
34,Adventure," Walt Disney Pictures, Jerry Bruckheimer",Pirates-of-the-Caribbean-Dead-Mans-Chest,Gore Verbinski
35,Adventure, Lucasfilm,Rogue-One-A-Star-Wars-Story,Gareth Edwards
36,Adventure," Walt Disney Pictures, Rideback",Aladdin-(2019),Guy Ritchie
37,Adventure, Walt Disney Pictures,Pirates-of-the-Caribbean-On-Stranger-Tides,Rob Marshall
38,,,Jurassic-Park,
39,Adventure," Universal Pictures, Illumination Entertainment",Despicable-Me-3,Pierre Coffin
40,Adventure," Lucasfilm, 20th Century Fox",Star-Wars-Ep-I-The-Phantom-Menace,George Lucas
41,,,Alice-in-Wonderland-(2010),
42,Adventure, Disney-Pixar,Finding-Dory,
43,Adventure," New Line Cinema, Metro-Goldwyn-Mayer Pictures, Wingnut Films",Hobbit-An-Unexpected-Journey-The,Peter Jackson
44,Adventure," Walt Disney Pictures, Walt Disney Animation Studios",Zootopia-(2016),Byron Howard
45,Action," Legendary Pictures, Warner Bros., Syncopy",Dark-Knight-The,Christopher Nolan
46,Adventure, Walt Disney Pictures,Lion-King-The,Roger Allers
47,Adventure," Universal Pictures, Chris Meledandri, Illumination Entertainment",Despicable-Me-2,Chris Renaud
48,Adventure," Heyday Films, 1492 Pictures, Duncan Henderson Productions",Harry-Potter-and-the-Sorcerers-Stone,Chris Columbus
49,Adventure," Columbia Pictures, Matt Tolmach Productions, Seven Bucks Productions",Jumanji-Welcome-to-the-Jungle,
50,Adventure," Walt Disney Pictures, Jerry Bruckheimer",Pirates-of-the-Caribbean-At-Worlds-End,Gore Verbinski
51,Adventure, Wingnut Films,Hobbit-The-Desolation-of-Smaug-The,Peter Jackson
52,Adventure," Heyday Films, Warner Bros.",Harry-Potter-and-the-Deathly-Hallows-Part-I,David Yates
53,Adventure," Walt Disney Pictures, Fairview Entertainment",Jungle-Book-The-(2016),Jon Favreau
54,Adventure," New Line Cinema, Wingnut Films, Metro-Goldwyn-Mayer Pictures",Hobbit-The-Battle-of-the-Five-Armies-The,Peter Jackson
55,Adventure, Heyday Films,Harry-Potter-and-the-Order-of-the-Phoenix,David Yates
56,Adventure," Disney-Pixar, Walt Disney Pictures",Finding-Nemo,
57,Adventure," PDI, DreamWorks Animation, DreamWorks Pictures",Shrek-2,
58,Adventure, Heyday Films,Harry-Potter-and-the-Half-Blood-Prince,David Yates
59,Adventure, Wingnut Films,Lord-of-the-Rings-The-Two-Towers-The,Peter Jackson
60,Adventure," Columbia Pictures, Marvel Studios, Laura Ziskin Productions",Spider-Man-3,
61,Drama," 20th Century Fox, GK Films, Regency Enterprises, Queen Films, Tribeca Film",Bohemian-Rhapsody-(2018),Bryan Singer
62,Adventure," Warner Bros., Heyday Films",Harry-Potter-and-the-Goblet-of-Fire,Mike Newell
63,Adventure," New Line Cinema, Wingnut Films",Lord-of-the-Rings-The-Fellowship-of-the-Ring-The,Peter Jackson
64,Adventure, Blue Sky Studios,Ice-Age-Dawn-of-the-Dinosaurs,Carlos Saldanha
65,Adventure," Illumination Entertainment, Universal Pictures, Chris Meledandri, Dentsu Inc., Fuji Television Network",Secret-Life-of-Pets-The,
66,Action," Marvel Studios, Columbia Pictures, LStar Capital",Spider-Man-Homecoming,
67,Adventure," 20th Century Fox, Blue Sky Studios",Ice-Age-Continental-Drift,
68,Action, Eon Productions,Spectre,Sam Mendes
69,Adventure," Warner Bros., Heyday Films, 1492 Pictures",Harry-Potter-and-the-Chamber-of-Secrets,
70,Action," Warner Bros., RatPac Entertainment, Dune Entertainment, Atlas Entertainment, Cruel and Unusual Films",Batman-v-Superman-Dawn-of-Justice,
71,Action, Marvel Studios,Guardians-of-the-Galaxy-Vol-2,
72,Adventure," Lionsgate, Color Force",Hunger-Games-Catching-Fire-The,Francis Lawrence
73,Adventure, Disney-Pixar,Inside-Out-(2015),Pete Docter
74,Action," Columbia Pictures, Tencent Pictures , Marvel Studios, Arad Productions, Matt Tolmach Productions, Pascal Pictures",Venom-(2018),
75,Action, Marvel Studios,Thor-Ragnarok,
76,Adventure, Lucasfilm,Star-Wars-Ep-III-Revenge-of-the-Sith,George Lucas
77,,,Ni-Hao-Li-Huan-Ying-(2021-China),
78,Action," DreamWorks Pictures, Paramount Pictures, Hasbro Studios, di Bonaventura Pictures, Tom DeSanto, Don Murphy",Transformers-Revenge-of-the-Fallen,
79,,,Zhan-Lang-2-(China)-(2017),
80,Drama," Temple Hill Entertainment, Summit Entertainment, Sunswept Entertainment",Twilight-Saga-Breaking-Dawn-Part-2-The,Bill Condon
81,,,Spider-Man,
82,Action," Warner Bros., Atlas Entertainment, Cruel and Unusual Films, RatPac Entertainment, Dune Entertainment, Tencent Pictures , Wanda Pictures",Wonder-Woman-(2017),Patty Jenkins
83,,,Independence-Day,
84,Adventure," Warner Bros., Heyday Films",Fantastic-Beasts-and-Where-to-Find-Them,
85,Adventure," DreamWorks Animation, PDI",Shrek-the-Third,
86,Adventure," 7 Bucks Productions, Matt Tolmach Productions, Columbia Pictures, Hartbeat Productions, Detective Agency",Jumanji-The-Next-Level,Jake Kasdan
87,Musical," Disney-Pixar, Walt Disney Pictures",Coco-(2017),Lee Unkrich
88,Adventure," Walt Disney Pictures, Jerry Bruckheimer Films",Pirates-of-the-Caribbean-Dead-Men-Tell-No-Tales,
89,Adventure," Columbia Pictures, Marvel Studios, Laura Ziskin Productions",Spider-Man-2,
90,,,ET-The-Extra-Terrestrial,Steven Spielberg
91,Adventure," Warner Bros., Heyday Films, 1492 Pictures",Harry-Potter-and-the-Prisoner-of-Azkaban,Alfonso CuarÃ³n
92,Action," Universal Pictures, Relativity Media, Original Film, One Race Films",Fast-and-Furious-6,Justin Lin
93,Action," Skydance Productions, Bad Robot, Paramount Pictures",Mission-Impossible-Fallout,Christopher McQuarrie
94,Adventure, Lucasfilm,Indiana-Jones-and-the-Kingdom-of-the-Crystal-Skull,Steven Spielberg
95," Marvel Studios, Donnersâ Company, Twentieth Century Fox, Kinberg Genre, Maximum Effect ",,Deadpool-2,
96,Action, Marvel Studios,Deadpool,
97,Adventure, 20th Century Fox,Star-Wars-Ep-IV-A-New-Hope,George Lucas
98,Action, Marvel Studios,Guardians-of-the-Galaxy,
99,,,Da-Vinci-Code-The,Ron Howard
100,Thriller/Suspense," Lionsgate, Color Force",Hunger-Games-Mockingjay-Part-1-The,Francis Lawrence
101,Action," Seven Bucks Productions, Chris Morgan Productions, Universal Pictures",Fast-and-Furious-Presents-Hobbs-and-Shaw-(2019),
102,Adventure, Roth Films,Maleficent,
103,Adventure," Columbia Pictures, Marvel Studios",Amazing-Spider-Man-The,
104,Action," Centropolis Entertainment, Columbia Pictures",2012,Roland Emmerich
105,Adventure, DreamWorks Animation,Shrek-Forever-After,Mike Mitchell
106,Action," Bad Hat Harry Productions, Donnersâ Company, Simon Kinberg, Ingenious Media",X-Men-Days-of-Future-Past,Bryan Singer
107,Adventure," DreamWorks Animation, PDI",Madagascar-3,
108,Action," Warner Bros., RatPac Entertainment, Dune Entertainment, Atlas Entertainment",Suicide-Squad,David Ayer
109,Adventure," Disney-Pixar, Walt Disney Pictures",Monsters-University,
110,Adventure," Well Go USA Entertainment, Chengdu Coco Cartoon",Ne-Zha-Zhi-Mo-Tong-Jiang-Shi-(China),Yang Yu
111,Action," Warner Bros., Village Roadshow Productions, NPV Entertainment, Silver Pictures",Matrix-Reloaded-The,
112,Adventure," Walt Disney Pictures, Disney-Pixar",Up,
113,Thriller/Suspense," Warner Bros., Legendary Pictures, Syncopy",Inception,Christopher Nolan
114,,,Liu-Lang-Di-Qiu-(China)-(2019),Guo Fan
115,Adventure," Walt Disney Pictures, Walden Media, Mark Johnson",Chronicles-of-Narnia-The-Lion-the-Witch-and-the-Wardrobe-The,Andrew Adamson
116,Action, Marvel Studios,Captain-America-The-Winter-Soldier,
117,Adventure," Chernin Entertainment, TSG Entertainment, Ingenious Media",Dawn-of-the-Planet-of-the-Apes,Matt Reeves
118,Action, Marvel Studios,Amazing-Spider-Man-2-The,
119,Action," DreamWorks Pictures, Paramount Pictures, Hasbro Studios, di Bonaventura Pictures",Transformers,Michael Bay
120,Drama," Temple Hill Entertainment, Maverick Films, Imprint Entertainment, Sunswept Entertainment",Twilight-Saga-Eclipse-The,David Slade
121,Horror," Lin Pictures, Vertigo Entertainment, KatzSmith Productions, New Line Cinema",It-(2017),Andy Muschietti*
122,,,Tang-Ren-Jie-Tan-An-3-(China),Chen Sicheng
123,,,Mission-Impossible-Ghost-Protocol,
124,Thriller/Suspense," Warner Bros., Esperanto Filmoj, Heyday Films",Gravity,Alfonso CuarÃ³n
125,Drama," Temple Hill Entertainment, Sunswept Entertainment, Summit Entertainment",Twilight-Saga-Breaking-Dawn-Part-1-The,Bill Condon
126,Action," Bad Robot, Skydance Productions, Tom Cruise Productions, Paramount Pictures",Mission-Impossible-Rogue-Nation,Christopher McQuarrie
127,Drama," Summit Entertainment, Temple Hill Entertainment, Imprint Entertainment, Sunswept Entertainment",Twilight-Saga-New-Moon-The,Chris Weitz
128,Drama," Steve Tisch Productions, Wendy Fineman Productions, Paramount Pictures",Forrest-Gump,
129,Thriller/Suspense," Lionsgate, Color Force",Hunger-Games-The,Gary Ross
130,Action, Marvel Studios,Doctor-Strange-(2016),
131,,,Sixth-Sense-The,
132,Action," Warner Bros., Legendary Pictures, Syncopy",Man-of-Steel,Zack Snyder
133,Adventure, DreamWorks Animation,Kung-Fu-Panda-2,Jennifer Yuh Nelson
134,Adventure, Lucasfilm,Star-Wars-Ep-II-Attack-of-the-Clones,George Lucas
135,Action," DC Films, RatPac Entertainment, Atlas Entertainment, Cruel and Unusual Films",Justice-League-(2017),
136," Scott Free Films, Kinberg Genre",,Martian-The,Ridley Scott
137,Adventure," Walt Disney Pictures, Jerry Bruckheimer",Pirates-of-the-Caribbean-The-Curse-of-the-Black-Pearl,
138,Adventure," Columbia Pictures, Hemisphere Media Capital, Amblin Entertainment, Parkes+Macdonald Productions, Image Nation",Men-in-Black-3,Barry Sonnenfeld
139,Adventure," Syncopy, Lynda Obst Productions",Interstellar,
140,Adventure, Twentieth Century Fox,Ice-Age-The-Meltdown,Carlos Saldanha
141,Adventure," Heyday Films, Warner Bros.",Fantastic-Beasts-The-Crimes-of-Grindelwald-(2018),David Yates
142,Adventure, Walt Disney Animation Studios,Big-Hero-6,
143,Thriller/Suspense," Lionsgate, Color Force",Hunger-Games-Mockingjay-Part-2-The,Francis Lawrence
144,Action," Marvel Studios, Kevin Feige",Thor-The-Dark-World,
145,Musical," Walt Disney Animation Studios, Walt Disney Pictures",Moana-(2016),Ron Clements
146,Adventure, Illumination Entertainment,Sing-(2016),Garth Jennings
147,Adventure, DreamWorks Animation,Kung-Fu-Panda,Mark Osborne
148,Adventure," Walt Disney Pictures, Disney-Pixar",Incredibles-The,
149,Action," Universal Pictures, Original Film, One Race Films",Fast-Five,Justin Lin
150,Adventure," Walt Disney Pictures, Disney-Pixar",Ratatouille,
151,Action," Columbia Pictures, Relativity Media, Blue Light, Weed Road Pictures, Overbrook Entertainment",Hancock,
152,Action, Marvel Studios,Ant-Man-and-the-Wasp,
153,Drama," Icon Productions, Newmarket Films",Passion-of-the-Christ-The,Mel Gibson
154,Action," Paramount Pictures, Marvel Studios, Fairview Entertainment",Iron-Man-2,
155,Drama," Fox 2000 Pictures, Dune Entertainment, Ingenious Media, Haishang Films, Gil Netter Productions, Big Screen Prods, Ingenious Film Partners",Life-of-Pi,Ang Lee
156,Action, Amblin Entertainment,Lost-World-Jurassic-Park,Steven Spielberg
157,Adventure, DreamWorks Animation,How-to-Train-Your-Dragon-2-(2014),Dean DeBlois
158,Action," Marvel Studios, TSG Entertainment, Donnersâ Company",Logan-(2017),James Mangold
159,Action," Paramount Pictures, DreamWorks Pictures, Amblin Entertainment, Cruise-Wagner",War-of-the-Worlds,
160,Action," di Bonaventura Pictures, Paramount Pictures, Hasbro Studios",Transformers-The-Last-Knight,Michael Bay
161,,,Mamma-Mia,
162,Adventure, DreamWorks Animation,Madagascar-Escape-2-Africa,Eric Darnell
163,Action," Eon Productions, Metro-Goldwyn-Mayer Pictures, Columbia Pictures",Casino-Royale-(2006),Martin Campbell
164,,,F9-The-Fast-Saga-(2021),Justin Lin
165,Action," Eon Productions, Metro-Goldwyn-Mayer Pictures, Columbia Pictures",Quantum-of-Solace,Marc Forster
166,Adventure,,Men-in-Black,Barry Sonnenfeld
167,Comedy," Warner Bros., Legendary Pictures, Green Hat Films",Hangover-Part-II-The,
168,Musical, Walt Disney Animation Studios,Tangled,Nathan Greno
169,Horror," Village Roadshow Productions, Weed Road Pictures, Overbrook Entertainment",I-am-Legend,
170,Adventure," Paramount Pictures, Marvel Studios, Fairview Entertainment",Iron-Man,
171,Adventure," 20th Century Fox, Ingenious Film Partners, 1492 Pictures, 21 Laps Entertainment",Night-at-the-Museum,Shawn Levy
172,Adventure," Warner Bros., Village Roadshow Productions, Amblin Entertainment, Dune Entertainment, De Line Pictures, Access Entertainment",Ready-Player-One,Steven Spielberg
173,,,Croods-The,
174,Drama," Focus Features, Michael De Luca Productions, Trigger Street Productions",Fifty-Shades-of-Grey,Sam Taylor-Johnson
175,Adventure," Sony Pictures Animation, Kerner Entertainment Company",Smurfs-The,Raja Gosnell
176,Adventure," Legendary Pictures, Warner Bros., Tencent Pictures ",Kong-Skull-Island,Jordan Vogt-Roberts
177,Adventure," Walt Disney Pictures, Disney-Pixar",Monsters-Inc,
178,Adventure," Disney-Pixar, Walt Disney Pictures",Cars-2,
179,Adventure," DreamWorks Animation, PDI",Madagascar,Eric Darnell
180,Comedy," Universal Pictures, Media Rights Capital, Fuzzy Door, Bluegrass Films, Smart Entertainment",Ted,
181,Adventure," Centropolis Entertainment, Lionsgate, The Mark Gordon Company",Day-After-Tomorrow-The,Roland Emmerich
182,Adventure," Paramount Pictures, DreamWorks Animation",Puss-in-Boots,
183,Adventure, Disney-Pixar,Brave,Mark Andrews
184,Adventure," Touchstone Pictures, Jerry Bruckheimer, Valhalla Motion Pictures",Armageddon,
185,Adventure, Wingnut Films,King-Kong-(2005),Peter Jackson
186,Action, Cruise-Wagner,Mission-Impossible-2,John Woo
187,Adventure, Lucasfilm,Star-Wars-Ep-V-The-Empire-Strikes-Back,Irvin Kershner
188,Drama," Mad Chance, 22nd & Indiana , Malpaso Productions",American-Sniper,Clint Eastwood
189,,,Tang-Ren-Jie-Tan-An-2-(China),
190,Adventure," Universal Pictures, Chris Meledandri, Illumination Entertainment",Despicable-Me,Chris Renaud
191," Twentieth Century Fox, Marvel Studios, TSG Entertainment, Bad Hat Harry Productions, Kinberg Genre, Hutch Parker, Donnersâ Company",,X-Men-Apocalypse-(2016),
192,Action," Warner Bros., Village Roadshow Productions, Silver Pictures, Wigram Productions",Sherlock-Holmes-A-Game-of-Shadows,
193," Allison Shearmur, Beaglepug, Kinberg Genre",,Cinderella-(2015),Kenneth Branagh
194,,,Hong-Hai-Xing-Dong-(China),
195,Adventure," RatPac Entertainment, Anonymous Content, M. Productions, Appian Way, Regency Enterprises, New Regency",Revenant-The-(2015),Alejandro Gonzalez Inarritu
196,Adventure," Disney-Pixar, Walt Disney Pictures",WALL-E,Andrew Stanton
197,Action," Skydance Productions, Hemisphere Media Capital, GK Films, Plan B Entertainment, 2Dux2",World-War-Z,Marc Forster
198,Adventure," Walt Disney Pictures, Walt Disney Animation Studios",Ralph-Breaks-The-Internet-(2018),Rich Moore
199,Action, Legendary Pictures,Godzilla-(2014),Gareth Edwards
200,Adventure, DreamWorks Animation,Boss-Baby-The,Tom McGrath
201,Action," Warner Bros., Gravity Pictures, Flagship Entertainment, Apelles Entertainment, di Bonaventura Pictures, Maeday Productions, On a Roll Productions",Meg-The,Jon Turteltaub
202,Adventure," Sony Pictures Animation, Columbia Pictures",Hotel-Transylvania-3-Summer-Vacation,
203,,,Simpsons-Movie-The,
204,Romantic Comedy," The Star Overseas, China Film Company, Hehe Pictures Co Ltd, Enlight Pictures, Shanghai New Culture Media Group, Zenith Culture Broadcast, Zeyue Media, Alpha Pictures Investment Co., xxxKxx, Bingo Movie Development",Mei-Ren-Yu,Stephen Chow
205,Adventure," DreamWorks Animation, Dentsu Inc., Fuji Television Network",How-to-Train-Your-Dragon-The-Hidden-World-(2019),Dean DeBlois
206,Adventure," DreamWorks Animation, Oriental DreamWorks, China Film Co. LTD, Zhong Ming You Ying Film",Kung-Fu-Panda-3,Jennifer Yuh Nelson
207,Action," Warner Bros., Syncopy, RatPac Entertainment, Dune Entertainment",Dunkirk-(2017),Christopher Nolan
208,Action," Marvel Studios, Walt Disney Pictures",Ant-Man,
209,Drama, Paramount Pictures,Ghost,Jerry Zucker
210,,,Meet-the-Fockers,Jay Roach
211,Action," Carolco Pictures, Pacific Western, Lightstorm Entertainment",Terminator-2-Judgment-Day,James Cameron
212,Adventure," Universal Pictures, Illumination Entertainment, Chris Meledandri",Dr-Seuss-The-Grinch-(2018),
213,Adventure," Disney-Pixar, Walt Disney Pictures",Toy-Story-2,John Lasseter
214,Adventure, Walt Disney Animation Studios,Aladdin-(1992),John Musker
215,Adventure," Warner Bros., Village Roadshow Productions, Silver Pictures, Wigram Productions",Sherlock-Holmes-(2009),Guy Ritchie
216,Adventure, Walt Disney Animation Studios,Wreck-It-Ralph,Rich Moore
217,,,Twister,
218,Adventure, DreamWorks Animation,How-to-Train-Your-Dragon,Chris Sanders
219,Action," Legendary Pictures, Warner Bros., Thunder Road Film, Zancuk Company",Clash-of-the-Titans-(2010),Louis Leterrier
220,Adventure," 20th Century Fox Animation, Blue Sky Studios",Rio-2,Carlos Saldanha
221,Adventure," DreamWorks Animation, PDI",Shrek,Andrew Adamson
222,Thriller/Suspense," Columbia Pictures, Imagine Entertainment, Brian Grazer Productions, John Calley",Angels-and-Demons,Ron Howard
223,Adventure," Walt Disney Pictures, Roth Films, Curtis-Donen Productions",Oz-The-Great-and-Powerful,Sam Raimi
224,Action," 20th Century Fox, Chernin Entertainment",War-for-the-Planet-of-the-Apes,Matt Reeves
225,Adventure," Walt Disney Pictures, Roth Films",Maleficent-Mistress-of-Evil-(2019),Joachim Ronnin
226,Adventure," 20th Century Fox Animation, Blue Sky Studios",Rio,Carlos Saldanha
227,Action," Regency Enterprises, New Regency, Summit Entertainment, Weed Road Pictures",Mr-and-Mrs-Smith,Doug Liman
228,Drama," Amblin Entertainment, Mutual Film Company",Saving-Private-Ryan,Steven Spielberg
229,Adventure," Platinum Dunes, Gama Entertainment, Mednick Productions, Heavy Metal",Teenage-Mutant-Ninja-Turtles-(2014),Jonathan Liebesman
230,Comedy," Gaumont, Quad Films, TF1 Film Productions, Ten Films, Chaocorp, Canal Plus, Cinecinema",Intouchables-Les,Eric Toledano
231,,,Bruce-Almighty,Tom Shadyac
232,Action," Radiant Productions, Plan B Entertainment",Troy,Wolfgang Petersen
233,,,Kimetsu-no-Yaiba-Mugen-Ressha-Hen-(2020-Japan),
234,Comedy, 20th Century Fox,Home-Alone,Chris Columbus
235,Adventure," Village Roadshow Productions, Warner Bros., Zancuk Company, Plan B Entertainment",Charlie-and-the-Chocolate-Factory,
236,Adventure, Lucasfilm,Star-Wars-Ep-VI-Return-of-the-Jedi,Richard Marquand
237,Adventure, Lucasfilm,Indiana-Jones-and-the-Last-Crusade,Steven Spielberg
238,,,Ba-bai-(2020-China),
239,Adventure," 20th Century Fox, Dune Entertainment, Chernin Entertainment",Rise-of-the-Planet-of-the-Apes,Rupert Wyatt
240,Horror," Universal Pictures, Zancuk Company, David Brown",Jaws,
241,Horror," New Line Cinema, Vertigo Entertainment, Rideback, Double Dream",It-Chapter-Two-(2019),
242,Adventure," Sony Pictures Animation, Columbia Pictures, LStar Capital",Hotel-Transylvania-2,Genndy Tartakovsky
243,Adventure," Vertigo Entertainment, Lin Pictures, Warner Animation Group",LEGO-Movie-The,
244,Adventure," Bad Robot, Skydance Productions, Paramount Pictures",Star-Trek-Into-Darkness,
245,Comedy," Warner Bros., Legendary Pictures, Green Hat Films",Hangover-The,
246,,,Wo-he-wo-de-zu-guo-(China),
247,Action," Village Roadshow Productions, Groucho II Film Partnership, Silver Pictures",Matrix-The,Andy Wachowski
248,Adventure," di Bonaventura Pictures, Paramount Pictures, Hasbro Studios, Bay Films",Bumblebee,Travis Knight
249,Action," Warner Bros., Legendary Pictures",Godzilla-vs-Kong-(2020),Adam Wingard
250,Adventure, Disney-Pixar,Cars,
251,Action, 20th Century Fox,X-Men-The-Last-Stand,
252,Action, Cruise-Wagner,Mission-Impossible,Brian De Palma
253,Action," DreamWorks Pictures, Universal Pictures, Douglas Wick, Scott Free Films",Gladiator-(2000),Ridley Scott
254,Action," EuropaCorp, TF1 Film Productions, Canal Plus, Cine Plus, TF1 International",Lucy,Luc Besson
255,Adventure," Walt Disney Pictures, Jerry Bruckheimer Films, Junction Entertainment, Saturn Films",National-Treasure-Book-of-Secrets,Jon Turteltaub
256,Action," Radar Pictures, The Bedford Falls Company, Cruise-Wagner",Last-Samurai-The,Edward Zwick
257,Adventure," FPS, New Line Cinema, Village Roadshow Productions, RatPac Entertainment, Dune Entertainment",San-Andreas,Brad Peyton
258,Action, Legendary Pictures,300-(2007),Zack Snyder
259,,,Wo-Bi-Shi-Yao-Shen-(China)-(2018),Muye Wen
260,Thriller/Suspense," Warner Bros., Village Roadshow Productions, NPV Entertainment, Jerry Weintraub, Section Eight",Oceans-Eleven,
261,Western," Weinstein Company, Columbia Pictures, A Band Apart",Django-Unchained,
262,Action," Marvel Studios, Paramount Pictures, Marvel Entertainment",Thor,
263,Action," Touchstone Pictures, Jerry Bruckheimer",Pearl-Harbor,Michael Bay
264,Adventure," Walt Disney Animation Studios, Bonnie Arnold",Tarzan,
265,Adventure," Illumination Entertainment, Universal Pictures, Chris Meledandri",Secret-Life-of-Pets-2-The-(2019),Chris Renaud
266,Musical," Gilbert Films, Imposter Pictures, Summit Entertainment, Black Label Media, TIK Films, Marc Platt Productions",La-La-Land,Damien Chazelle
267,,,Bourne-Ultimatum-The,Paul Greengrass
268,Adventure," Fox 2000 Pictures, Regency Enterprises, Bagdasarian Company",Alvin-and-the-Chipmunks-The-Squeakquel,Betty Thomas
269,,,Men-in-Black-2,
270,Comedy, Blue Wolf,Mrs-Doubtfire,Chris Columbus
271,Action," Universal Pictures, Legendary Pictures, Blizzard Entertainment, Atlas Entertainment",Warcraft,Duncan Jones
272,Musical, Walt Disney Animation Studios,Beauty-and-the-Beast-(1991),Gary Trousdale
273,Musical," Universal Pictures, Relativity Media, Working Title Films, Cameron Mackintosh",Miserables-Les-(2012),Tom Hooper
274,Musical," Chernin Entertainment, Seed Productions, Laurence Mark, TSG Entertainment, Twentieth Century Fox",Greatest-Showman-The,Michael Gracey
275,,,Mummy-Returns-The,Stephen Sommers
276,,,Wo-He-Wo-De-Jia-Xiang-(2020-China),
277,Action,,Terminator-3-Rise-of-the-Machines,
278,Romantic Comedy," Touchstone Pictures, Regency Enterprises",Pretty-Woman,Garry Marshall
279,Action," Skydance Productions, Paramount Pictures",Terminator-Genisys,Alan Taylor
280,Adventure," Warner Bros., Legendary Pictures, Toho Co",Pokemon-Detective-Pikachu-(2019),Rob Letterman
281,,,Die-Another-Day,
282,Drama," Bill Gerber, Jon Peters, Joint Effort, Warner Bros., Live Nation Productions, Metro-Goldwyn-Mayer Pictures",Star-is-Born-A-(2018),
283,Drama," UK Film Council, See-Saw Films, Bedlam, Momentum Pictures, Aegis Film Fund, Molinare, FilmNation Entertainment, Weinstein Company",Kings-Speech-The,Tom Hooper
284,Horror, Warner Bros.,Exorcist-The,William Friedkin
285,Action," New Line Cinema, Seven Bucks Productions, Flynn Picture Company, ASAP Films, Wrigley Pictures",Rampage-(2018),Brad Peyton
286,Action, EON Enterprises,Matrix-Revolutions-The,Andy Wachowski
287,Adventure," DreamWorks Pictures, ImageMovers, Playtone, Twentieth Century Fox",Cast-Away,Robert Zemeckis
288,Action," Columbia Pictures, 2.0 Entertainment, Overbrook Entertainment, Don Simpson, Jerry Bruckheimer Films",Bad-Boys-For-Life-(Bad-Boys-3)-(2020),Adil El Arbi
289,Western, Tig Productions,Dances-with-Wolves,Kevin Costner
290,Adventure," Walden Media, Fox 2000 Pictures",Chronicles-of-Narnia-The-Voyage-of-the-Dawn-Treader-The,Michael Apted
291,Drama," Bona Entertainment Company, Alibaba Pictures, Huaxia Film & Distribution Coroporation, Zhongzhi Enterprise Group, Zhejiang Bona, Lamb Film, Television Media     , Xiu Shanfang Culture and Art Company, Sichuan Aviation Culture Media Advertising Company, CAAC News, Omnijoi, Yunnan Jincai Shijie Pictures, Inner Mongolia Film Group, Beijing Huaming Xingkong International Media, Asia Pacific Films, Wanda Media, Shanghai Fuyi Media, Chong Qing Film Group, E Mei Film Group, Well Go USA Entertainment",Zhongguo-jizhang-(China),
292,,,Chronicles-of-Narnia-Prince-Caspian-The,Andrew Adamson
293,Action," 20th Century Fox, Marvel Studios, Donnersâ Company, TSG Entertainment, Ingenious Media",Wolverine-The,James Mangold
294,,,Mummy-The-(1999),Stephen Sommers
295,Action," Universal Pictures, Perfect World Pictures, The Kennedy/Marshall Company, Captivate Entertainment, Pearl Street",Jason-Bourne,Paul Greengrass
296,Comedy," New Line Cinema, HBO Films, Darren Star",Sex-and-the-City,Michael Patrick King
297,,,Rain-Man,Barry Levinson
298,,,Batman,
299,Action," Warner Bros., Legendary Pictures, Guillermo del Toro, DDY",Pacific-Rim,Guillermo del Toro
300,Thriller/Suspense," Warner Bros., Tig Productions",Bodyguard-The,
301,Adventure," Universal Pictures, Perfect World Pictures, Secret Hideout, Conspiracy Factory, Sean Daniel Company",Mummy-The-(2017),Alex Kurtzman
302,Action," 20th Century Fox, MARV Films",Kingsman-The-Golden-Circle,Matthew Vaughn
303,Thriller/Suspense," Touchstone Pictures, Blinding Edge Pictures, The Kennedy/Marshall Company",Signs,M. Night Shyamalan
304,Action, 20th Century Fox,X-Men-2-(2003),
305,,,Mummy-Tomb-of-the-Dragon-Emperor-The,Rob Cohen
306,Action," 20th Century Fox, TSG Entertainment, MARV Films",Kingsman-The-Secret-Service,Matthew Vaughn
307,Thriller/Suspense," 20th Century Fox, Dune Entertainment, Scott Free Films, Brandywine",Prometheus,Ridley Scott
308,Drama," Temple Hill Entertainment, Maverick Films, Imprint Entertainment, Summit Entertainment",Twilight-(2008),Catherine Hardwicke
309,Adventure," Twentieth Century Fox, 1492 Pictures",Night-at-the-Museum-Battle-of-the-Smithsonian,
310,Adventure," 20th Century Fox Animation, Blue Sky Studios",Ice-Age-Collision-Course,Mike Thurmeier
311,Action," 20th Century Fox, Lightstorm Entertainment, Troublemaker Studios",Alita-Battle-Angel-(2019),Robert Rodriguez
312,Adventure, Roth Films,Snow-White-and-the-Huntsman,Rupert Sanders
313,Adventure, Walt Disney Pictures,Tron-Legacy,Joseph Kosinski
314,Action, Cruise-Wagner,Mission-Impossible-III,J.J. Abrams
315,Musical," Playtone, Universal Pictures, Littlestar, Legendary Pictures, Perfect World Pictures",Mamma-Mia-Here-We-Go-Again,Ol Parker
316,Adventure, Lucasfilm,Solo-A-Star-Wars-Story,
317,Adventure," Warner Bros., Legendary Pictures, Jon Peters, Bad Hat Harry Productions",Superman-Returns,
318,Drama, Metro-Goldwyn-Mayer Pictures,Gone-with-the-Wind,Victor Fleming
319,Adventure, Morgan Creek Productions,Robin-Hood-Prince-of-Thieves,Kevin Reynolds
320,Black Comedy," Appian Way, Sikelia Productions, Emjag",Wolf-of-Wall-Street-The,Martin Scorsese
321,Musical,,Grease,Randal Kleiser
322,Adventure, Bad Robot,Star-Trek,J.J. Abrams
323,Adventure, Blue Sky Studios,Ice-Age,Chris Wedge
324,Adventure, DreamWorks Animation,Home-(2015),Tim Johnson
325,Adventure, Amblin Entertainment,Back-to-the-Future,Robert Zemeckis
326,Adventure," Warner Bros., Village Roadshow Productions, Kennedy Miller, Animal Logic",Happy-Feet,George Miller
327,Action, 20th Century Fox,Independence-Day-Resurgence,Roland Emmerich
328,Drama," Fox Searchlight Pictures, Warner Bros., Celador Films, Film 4",Slumdog-Millionaire,Danny Boyle
329,Adventure," Tokuma Shoten, Studio Ghibli, Nippon Television Network, Dentsu Inc., Buena Vista Home Entertainment, Tohokushinsha",Sen-to-Chihiro-no-Kamikakushi,Hayao Miyazaki
330,Adventure," Disney-Pixar, Walt Disney Pictures",Cars-3,
331,Action," Warner Bros., Legendary Pictures, Toho Co, Huahua Film",Godzilla-King-of-the-Monsters-(2019),Michael Dougherty
332,Action," 20th Century Fox, Dune Entertainment, Ingenius Film Partners",Live-Free-or-Die-Hard,Len Wiseman
333,Adventure, DreamWorks Animation,Monsters-vs-Aliens,Rob Letterman
334,Drama," Universal Pictures, Perfect World Pictures, Michael De Luca Productions",Fifty-Shades-Darker,James Foley
335,Adventure," Columbia Pictures, Sony Pictures Animation",Hotel-Transylvania,Genndy Tartakovsky
336,Thriller/Suspense," 20th Century Fox, EuropaCorp, M6 Films, Grive Productions, Canal Plus, Cine Plus",Taken-2,Olivier Megaton
337,Thriller/Suspense," Columbia Pictures, Heyday Films, Bona Film Group",Once-Upon-a-Time-in-Hollywood-(2019),Quentin Tarantino
338,,,Godzilla,Roland Emmerich
339,,,GI-Joe-Retaliation,
340,Adventure," Columbia Pictures, Marvel Studios, Avi Arad, Lord Miller, Pascal Pictures, Sony Pictures Animation",Spider-Man-Into-The-Spider-Verse-3D-(2018),
341,Romantic Comedy, Gold Circle Films,My-Big-Fat-Greek-Wedding,Joel Zwick
342,Action," 20th Century Fox, Marvel Studios, Dune Entertainment, Donnersâ Company, Seed Productions",X-Men-Origins-Wolverine,Gavin Hood
343,,,What-Women-Want,
344,Adventure," Paramount Pictures, Columbia Pictures, Amblin Entertainment, Wingnut Films, The Kennedy/Marshall Company",Adventures-of-Tintin-The,Steven Spielberg
345,Drama," Michael De Luca Productions, Universal Pictures, Perfect World Pictures",Fifty-Shades-Freed,James Foley
346,Adventure, DreamWorks Animation,Shark-Tale,
347,Action," Paramount Pictures, Marvel Studios",Captain-America-The-First-Avenger,
348,Romantic Comedy, 20th Century Fox,Theres-Something-About-Mary,
349,Action, Kennedy Miller Mitchell Productions,Mad-Max-Fury-Road,George Miller
350,Adventure, Lucasfilm,Raiders-of-the-Lost-Ark,Steven Spielberg
351,,,His-Dark-Materials-The-Golden-Compass,
352,Thriller/Suspense," Regency Enterprises, TSG Entertainment",Gone-Girl,David Fincher
353,Action," Warner Bros., Village Roadshow Productions, RatPac Entertainment, Dune Entertainment",Edge-of-Tomorrow,
354,,,Xi-Hong-Shi-Shou-Fu-(China)-(2018),
355,Adventure," DreamWorks Animation, PDI",Penguins-of-Madagascar,Simon J. Smith
356,Romantic Comedy," Columbia Pictures, Overbrook Entertainment",Hitch,
357,Thriller/Suspense," Dreamworks LLC, Neal Street, New Republic Pictures, Reliance Entertainment, Amblin Partners",1917-(2019),Sam Mendes
358,,,Die-Hard-With-a-Vengeance,John McTiernan
359,,,Jurassic-Park-3,Joe Johnston
360,Action," Halcyon Company, Moritz Borman, Wonderland Sound and Vision",Terminator-Salvation,
361,,,True-Lies,James Cameron
362,Adventure, Disney-Pixar,Toy-Story,John Lasseter
363,Romantic Comedy," PolyGram Filmed Entertainment, Working Title Films, Notting Hill Pictures",Notting-Hill-(1999),Roger Michell
364,Action," New Line Cinema, The Safran Company",Shazam-(2019),David F. Sandberg
365,Horror," New Line Cinema, The Safran Company, Atomic Monster",Nun-The,Corin Hardy
366,Adventure," Disney-Pixar, Walt Disney Pictures",Bugs-Life-A,
367,Adventure," Warner Bros., Village Roadshow Productions",Oceans-Twelve,Steven Soderbergh
368,Adventure," Regency Enterprises, Fox 2000 Pictures, Bagdasarian Company",Alvin-and-the-Chipmunks,
369,Adventure, Zancuk Company,Planet-of-the-Apes-(2001),
370,Comedy," Warner Bros., Legendary Pictures, Green Hat Films, Todd Phillips",Hangover-3-The,Todd Phillips
371,Action," Syncopy, Warner Bros.",Tenet-(2020),Christopher Nolan
372,,,World-is-Not-Enough-The,
373,,,Zhuo-yao-ji-2-(China)-(2018),
374,Action, Universal Pictures,Fast-and-Furious-(2009),Justin Lin
375,,,Zhuo-yao-ji-(China)-(2015),Raman Hui
376,Action, Legendary Pictures,Batman-Begins,Christopher Nolan
377,Comedy, Twentieth Century Fox,Home-Alone-2-Lost-in-New-York,
378,Action," 20th Century Fox, DreamWorks Pictures, Cruise-Wagner, Blue Tulip, Ronald Shusett, Gary Goldman",Minority-Report,
379,Comedy, Amblin Entertainment,Flintstones-The,Brian Levant
380,,,Kimi-no-na-wa-(Japan),
381,Action," Don Simpson, Jerry Bruckheimer",Top-Gun,
382,,,Goldeneye,
383,Drama, DreamWorks Pictures,American-Beauty,Sam Mendes
384,Adventure, Walt Disney Pictures,Dinosaur,Ralph Zondag
385,Drama," DreamWorks Pictures, Amblin Entertainment",Catch-Me-if-You-Can,Steven Spielberg
386,Action," Marvel Studios, Dune Entertainment, Bad Hat Harry Productions, Donnersâ Company, Ingenious Media, Big Screen Prods",X-Men-First-Class,Matthew Vaughn
387,Adventure," 21 Laps Entertainment, 1492 Pictures",Night-at-the-Museum-Secret-of-the-Tomb,Shawn Levy
388,,,Fugitive-The,Andrew Davis
389,Drama," Warner Bros., Village Roadshow Productions, A&E Indiefilms, Bazmark, Red Wagon Entertainment",Great-Gatsby-The-(2011),Baz Luhrmann
390,Adventure," Walt Disney Pictures, Tim Burton, Infinite Detective, Secret Machine Entertainment",Dumbo-(2019),Tim Burton
391,Drama," Protozoa Pictures, Paramount Pictures, Regency Enterprises",Noah,Darren Aronofsky
392,Thriller/Suspense,,Basic-Instinct,
393,Adventure," Columbia Pictures, Rovio Animation",Angry-Birds-Movie-The,Clay Kaytis
394,Action," Columbia Pictures, Overbrook Entertainment, Jerry Weintraub, China Film Group",Karate-Kid-The-(2009),Harald Zwart
395," The Mark Gordon Company, Scott Free Films, Kinberg Genre, 20th Century Fox",,Murder-on-the-Orient-Express-(2017),Kenneth Branagh
396,Comedy, Katja Motion Picture Corporation,Mask-The,
397,Adventure," Touchstone Pictures, Amblin Entertainment",Who-Framed-Roger-Rabbit,Robert Zemeckis
398,Adventure," Chris Meledandri, Illumination Entertainment",Lorax-The,Chris Renaud
399,Horror," Metro-Goldwyn-Mayer Pictures, Dino De Laurentiis, Scott Free Films",Hannibal-(2001),Ridley Scott
400,,,Deep-Impact,
401,Adventure," Fox 2000 Pictures, Regency Enterprises, Bagdasarian Company",Alvin-and-the-Chipmunks-Chipwrecked,Mike Mitchell
402,Adventure," Warner Bros., Village Roadshow Productions, RatPac Entertainment, Dune Entertainment, Jerry Weintraub, Riche-Ludwig, Beaglepug",Legend-of-Tarzan-The,David Yates
403,Musical," Walt Disney Pictures, Lucamar, Marc Platt Productions",Mary-Poppins-Returns-(2018),Rob Marshall
404,Action," 20th Century Fox, David Entertainment Company, Lawrence Mark, Overbrook Entertainment, Mediastream IV",I-Robot,Alex Proyas
405,Adventure," Columbia Pictures, Sony Pictures Animation, Hemisphere Media Capital, Kerner Entertainment Company",Smurfs-2-The,
406,Action," Gotham Group, Temple Hill Entertainment, TSG Entertainment, DayDay Films",Maze-Runner-The,Wes Ball
407,,,Rush-Hour-2,Brett Ratner
408,,,Pocahontas,
409,Adventure," Columbia Pictures, Olive Bridge Entertainment, Sony Pictures Animation, Animal Logic, 2.0 Entertainment",Peter-Rabbit-(2018),Will Gluck
410,Adventure," Universal Pictures, Imagine Entertainment, Brian Grazer Productions",How-the-Grinch-Stole-Christmas-(2000),
411,Action," Paramount Pictures, Revolution Studios, RK Films   , One Race Films",xXx-Return-of-Xander-Cage,
412,Adventure," DreamWorks Animation, Bonnie Arnold",Over-the-Hedge,Tim Johnson
413,Adventure," DreamWorks Animation, PDI, DreamWorks Pictures",Trolls,Mike Mitchell
414,Thriller/Suspense," Summit Entertainment, K/O Paper Products",Now-You-See-Me,
415,Action," Universal Pictures, Spyglass Entertainment, Relativity Media, Marc Platt Productions, Kickstart",Wanted-(2008),Timur Bekmambetov
416,Adventure," Columbia Pictures, EMI, Phillips, Steven Spielberg",Close-Encounters-of-the-Third-Kind,
417,Romantic Comedy," Walt Disney Pictures, Barry Sonnenfeld, Josephson Entertainment",Enchanted,
418,Action," Eon Productions, Metro-Goldwyn-Mayer Pictures, United Artists",Tomorrow-Never-Dies,Roger Spottiswoode
419,Action, Warner Bros.,Batman-Forever-(1995),Joel Schumacher
420,Action," Walt Disney Pictures, Jerry Bruckheimer",Prince-of-Persia-Sands-of-Time,Mike Newell
421,Action, Hollywood Pictures,Rock-The,Michael Bay
422,Drama, Image Entertainment,Apollo-13,Ron Howard
423,Adventure," Sneaky Shark, Paramount Pictures, Bad Robot, Skydance Productions, Perfect Storm Entertainment",Star-Trek-Beyond,Justin Lin
424,Horror," Paramount Pictures, Platinum Dunes, Sunday Night",Quiet-Place-A-(2018),John Krasinski
425,,,Never-Say-Die-(China),
426,Action," Legendary Pictures, Universal Pictures, Atlas Entertainment",Great-Wall-The,Zhang Yimou
427,Adventure, Disney-Pixar,Good-Dinosaur-The,Peter Sohn
428,Action," 20th Century Fox, Constantin Film, Marvel Studios, 1492 Pictures, Bernd Eichinger",Fantastic-Four-(2005),
429,Adventure, Lucasfilm,Indiana-Jones-and-the-Temple-of-Doom,Steven Spielberg
430,,,Back-to-the-Future-Part-II,
431,Comedy," Columbia Pictures, Metro-Goldwyn-Mayer Pictures, LStar Capital, MRC, Original Film, Cannell Studios",22-Jump-Street,
432,Adventure," Walt Disney Pictures, Jerry Bruckheimer, Junction Entertainment, Saturn Films",National-Treasure,Jon Turteltaub
433,Thriller/Suspense," Dune Entertainment, Cross Creek Pictures, Phoenix Pictures, Protozoa Pictures, Mad Chance",Black-Swan,Darren Aronofsky
434,Action," Cruel and Unusual Films, Mark Canton, Gianni Nunnari",300-Rise-of-an-Empire,Noam Murro
435,,,Meet-the-Parents,Jay Roach
436,Drama," Paramount Pictures, The Kennedy/Marshall Company",Curious-Case-of-Benjamin-Button-The,David Fincher
437,,,Perfect-Storm-The,Wolfgang Petersen
438,Thriller/Suspense," Summit Entertainment, TIK Films, K/O Paper Products",Now-You-See-Me-2,
439,,,Crocodile-Dundee,
440,Thriller/Suspense, Juno Pix,Se7en,David Fincher
441,Adventure," Walt Disney Pictures, Walt Disney Animation Studios",Bolt,Chris Williams
442,Action," EuropaCorp, Canal Plus, M6 Films",Taken-3,Olivier Magaton
443,,,Feng-Kuang-De-Wai-Xing-Ren-(China)(2019),
444,Comedy," Fox 2000 Pictures, Wendy Fineman Productions",Devil-Wears-Prada-The,David Frankel
445,Action," Thunder Road Film, Lionsgate, 87Eleven Inc.",John-Wick-Chapter-3-Parabellum-(2019),Chad Stahelski
446,Adventure, Walt Disney Animation Studios,Hunchback-of-Notre-Dame-The,
447,Action," United Artists, Fairbanks",Robin-Hood-(2010),Ridley Scott
448,Drama," Universal Pictures, Amblin Entertainment",Schindlers-List,
449,Adventure," DreamWorks Animation, PDI",Megamind,Tom McGrath
450,Thriller/Suspense, Jaffe-Lansing Production,Fatal-Attraction,Adrian Lyne
451,Comedy," Participant Media, DreamWorks Pictures, Charles B. Wessler Entertainment, Innisfree Pictures, Cinetic",Green-Book-(2018),Peter Farrelly
452,Adventure," Paramount Pictures, Nickelodeon Films, Blinding Edge Pictures, The Kennedy/Marshall Company",Last-Airbender-The,
453,,,Lethal-Weapon-3,
454,Adventure," New Line Cinema, Contrafilm",Journey-2-Mysterious-Island,Brad Peyton
455,Horror," New Line Cinema, The Safran Company, Evergreen Pictures",Conjuring-The,James Wan
456,Drama," DreamWorks Pictures, Imagine Entertainment, Brian Grazer Productions",Beautiful-Mind-A,
457,Action," A Band Apart, Zehnte Babelsberg",Inglourious-Basterds,
458,Comedy," Don Simpson, Jerry Bruckheimer, Eddie Murphy Production",Beverly-Hills-Cop,Martin Brest
459,Drama," ImageMovers, Walt Disney Pictures",Disneys-A-Christmas-Carol,Robert Zemeckis
460,Action," Beacon Pictures, Columbia Pictures",Air-Force-One,Wolfgang Petersen
461,Romantic Comedy," Touchstone Pictures, Mandeville Films",Proposal-The,Anne Fletcher
462,,,As-Good-as-it-Gets,James L. Brooks
463,Horror," Screen Gems, Constantin Film, Davis Films, Impact Pictures",Resident-Evil-The-Final-Chapter,
464,Action," Universal Pictures, Hasbro Studios, Bluegrass Films, Film 44",Battleship,
465,Drama," Lionsgate, MRC, T-Street",Knives-Out-(2019),Rian Johnson
466,Drama," Participant Media, Walden Media, Mandeville Films, Lionsgate",Wonder-(2017),Stephen Chbosky
467,Adventure," Playtone, ImageMovers, Golden Mean, Castle Rock Entertainment, Shangri-La Entertainment",Polar-Express-The,
468,,,Austin-Powers-The-Spy-Who-Shagged-Me,
469,,,Expendables-2-The,
470,Adventure, Warner Bros.,Oceans-Thirteen,
471,Adventure, United Plankton Pictures,SpongeBob-Movie-Sponge-Out-of-Water-The,Paul Tibbitt
472,,,Bourne-Supremacy-The,Paul Greengrass
473,Comedy," Everyman Pictures, Tribeca Film, Relativity Media",Little-Fockers,Paul Weitz
474,Adventure," Warner Bros., Lego Systems A/S , Lin Pictures, Lord Miller, Vertigo Entertainment, Warner Animation Group",Lego-Batman-Movie-The,Chris McKay
475,Action," Gotham Group, Temple Hill Entertainment",Maze-Runner-The-Scorch-Trials,Wes Ball
476,Horror," New Line Cinema, The Safran Company, Atomic Monster, RatPac Entertainment, Dune Vision",Conjuring-2-The-Enfield-Poltergeist-The,James Wan
477,,,Runaway-Bride,
478,Adventure, Walt Disney Animation Studios,Chicken-Little,Mark Dindal
479,,,Ransom,Ron Howard
480,,,Qian-Ren-3-Yan-Zhi-Da-Zuo-Zhan-(China),
481,Drama," Columbia Pictures, Relativity Media, Overbrook Entertainment, Escape Artists",Pursuit-of-Happyness-The,Gabriele Muccino
482,Drama, 20th Century Fox,Fault-in-Our-Stars-The,Josh Boone
483,,,Rise-of-the-Guardians,
484,Musical, Producer Circle Company,Chicago,Rob Marshall
485,Drama," Alcon Entertainment, Gil Netter Productions",Blind-Side-The,John Lee Hancock
486,Horror," New Line Cinema, Atomic Monster, The Safran Company, RatPac Entertainment, Dune Entertainment",Annabelle-Creation,David F. Sandberg
487,Adventure," Warner Bros., Legendary Pictures, Furia de Titanes II, A.I.E, Thunder Road Film, Cott Productions    ",Wrath-of-the-Titans,Jonathan Liebesman
488,,,Dangal-(India),Nitesh Tiwari
489,Adventure," Marza Animation Planet, Original Film, Blur Studio, Hedgehog Films Inc, Sega Sammy Group, Paramount Pictures",Sonic-The-Hedgehog-(Japan)-(2020),Jeff Fowler
490,Action," Legendary Pictures, Seven Bucks Productions, Flynn Picture Company, Universal Pictures",Skyscraper,Rawson Marshall Thurber
491,Action," 20th Century Fox, TSG Entertainment, Giant Pictures",Die-Hard-5,John Moore
492,,,101-Dalmatians-(1996),
493,Adventure,,Mulan-(1998),
494,Comedy," Universal Pictures, Imagine Entertainment",Liar-Liar,Tom Shadyac
495,Action," di Bonaventura Pictures, Paramount Pictures, Spyglass Entertainment, Hasbro Studios",GI-Joe-The-Rise-of-Cobra,Stephen Sommers
496,Thriller/Suspense," Columbia Pictures, LStar Capital, Village Roadshow Productions, Wanda Media, Original Film, Company Films, Start Motion Pictures",Passengers-(2016),Morten Tyldum
497,Adventure, Tri-Star Pictures,Hook,
498,Action," Anabasis Investments, Tri-Star Pictures",Rambo-First-Blood-Part-II,George P. Cosmatos
499,Drama,,Rocky-IV,
500,,,Superman,
501,Action, Sommers Company,Van-Helsing,Stephen Sommers
502,Adventure," 20th Century Fox Animation, Blue Sky Studios",Horton-Hears-a-Who,
503,Thriller/Suspense," Phoenix Pictures, Sikelia Productions, Appian Way",Shutter-Island,Martin Scorsese
504,,,My-Best-Friends-Wedding,P.J. Hogan
505,,,Stuart-Little,Rob Minkoff
506,Action," Warner Bros., Village Roadshow Productions, Rahway Road ",Oceans-8-(2018),
507,Comedy, MCEG,Look-Whos-Talking,Amy Heckerling
508,Action," 20th Century Fox, Marvel Studios, Donnersâ Company, Bad Hat Harry Productions",X-Men-(2000),
509,,,Austin-Powers-in-Goldmember,
510,Adventure," Twentieth Century Fox, Chernin Entertainment, Big Screen Prods, TSG Entertainment",Miss-Peregrines-Home-for-Peculiar-Children,Tim Burton
511,Horror," Impact Pictures, Davis Films, Constantin Film",Resident-Evil-Afterlife,Paul W.S. Anderson
512,Comedy, Columbia Pictures,Ghostbusters-(1984),
513,Action," Summit Entertainment, Red Wagon Entertainment, Mandeville Films",Divergent-Series-Insurgent-The,Robert Schwentke
514,Comedy," New Line Cinema, HBO Films, Village Roadshow Productions, Darren Star",Sex-and-the-City-2,Michael Patrick King
515,,,Doctor-Dolittle-(1998),Betty Thomas
516,Adventure," Jerry Bruckheimer, Walt Disney Pictures",G-Force,Hoyt H. Yeatman
517,Action," Legendary Pictures, UpperRoom Entertainment Limited, Double Dare You, Universal Pictures",Pacific-Rim-Uprising,Steven S. DeKnight
518,Drama," Castle Rock Entertainment, Darkwoods",Green-Mile-The,
519,Thriller/Suspense," Columbia Pictures, Relativity Media, di Bonaventura Pictures",Salt,Phillip Noyce
520,Adventure," Blue Sky Studios, 20th Century Fox Animation, Davis Entertainment",Ferdinand,Carlos Saldanha
521,Drama," Initial Entertainment Group, Plan B Entertainment, Vertigo Films, Media Asia Films",Departed-The-(2006),
522,Comedy," Universal Pictures, Relativity Media",Bridesmaids,Paul Feig
523,Action," 20th Century Fox, Constance Marks Productions, Marvel Studios, 1492 Pictures, Bernd Eichinger",Fantastic-Four-Rise-of-the-Silver-Surfer,
524,Comedy," Eddie Murphy Production, Paramount Pictures",Coming-to-America,John Landis
525,Thriller/Suspense," DreamWorks Pictures, 20th Century Fox, ImageMovers",What-Lies-Beneath,
526,Thriller/Suspense," Universal Pictures, Relativity Media, Chernin Entertainment, Monolith Pictures, Radical Studios",Oblivion-(2013),Joseph Kosinski
527,Adventure," DreamWorks Animation, Columbus 81 Productions",Bee-Movie,
528,Comedy," Gold Circle Films, Brownstone",Pitch-Perfect-2,
529,Adventure," DreamWorks Animation, Lisa Stewart",Turbo,David Soren
530,,,American-Pie-2,
531,Musical,,Sound-of-Music-The,Robert Wise
532," Tri-Star Pictures, Media Rights Capital, QED International, Alphacore, Kinberg Genre",,Elysium,Neill Blomkamp
533,,,Lethal-Weapon-4,
534,Comedy, Tapestry Films,Wedding-Crashers,
535,Action, 20th Century Fox,Speed,
536,Adventure," Walt Disney Pictures, Jim Morris",John-Carter-of-Mars,Andrew Stanton
537,Drama,,Saturday-Night-Fever,John Badham
538,Comedy," Amblin Entertainment, Universal Pictures, The Harvey Entertainment Company",Casper,
539,Thriller/Suspense," Universal Pictures, Relativity Media, The Kennedy/Marshall Company",Bourne-Legacy-The,Tony Gilroy
540,Romantic Comedy," Miramax Films, Universal Pictures, The Bedford Falls Company",Shakespeare-in-Love,John Madden
541,Horror," Blumhouse, Universal Pictures, Blinding Edge Pictures",Split-(2017),M. Night Shyamalan
542,Thriller/Suspense," StudioCanal, Birnbaum/Barber, GK Films, Spyglass Entertainment",Tourist-The,Florian Henckel von Donnersmarck
543,Romantic Comedy, Working Title Films,Bridget-Joness-Diary,Sharon Maguire
544,,,Scary-Movie,
545,Adventure," Walt Disney Pictures, Roth Films, Team Todd, Tim Burton",Alice-Through-the-Looking-Glass,James Bobin
546,,,Beverly-Hills-Cop-II,
547,,,Scooby-Doo,Raja Gosnell
548,,,Divergent,
549,Horror, Orion Pictures,Silence-of-the-Lambs-The,Jonathan Demme
550,Drama," Warner Bros., Village Roadshow Productions, Double Nickel Entertainment, Malpaso Productions",Gran-Torino,Clint Eastwood
551,,,High-School-Musical-3-Senior-Year,
552,Adventure," Columbia Pictures, Sony Pictures Animation",Cloudy-with-a-Chance-of-Meatballs-2,Cody Cameron
553,,,Nutty-Professor-The,
554,Romantic Comedy, Tri-Star Pictures,Jerry-Maguire,
555,Action," Metro-Goldwyn-Mayer Pictures, Warner Bros., GK Films, Square Enix Business",Tomb-Raider-(2018),Roar Uthaug
556,Drama," DreamWorks Pictures, 20th Century Fox, Participant Media, Dune Entertainment, Amblin Entertainment, The Kennedy/Marshall Company, Reliance Entertainment",Lincoln,Steven Spielberg
557,Adventure," Paramount Pictures, Mutual Film Company, Lawrence Gordon, Eidos Interactive",Lara-Croft-Tomb-Raider,Simon West
558,,,Bad-Boys-II,
559,Comedy," Columbia Pictures, Relativity Media, Happy Madison",Grown-Ups,Dennis Dugan
560,Adventure," Walt Disney Pictures, Walt Disney Animation Studios",Princess-and-the-Frog-The,
561,Comedy," Good Universe, Point Grey",Neighbors-(2013),Nicholas Stoller
562,,,Firm-The,Sydney Pollack
563,Adventure," Bullwinkle Studios, DreamWorks Animation, PDI",Mr-Peabody-and-Sherman,Rob Minkoff
564,Adventure," Centropolis Entertainment, Legendary Pictures, Warner Bros.",10-000-B-C,
565,Drama,,Godfather-The,
566,Drama," Chernin Entertainment, Scott Free Films",Exodus-Gods-and-Kings,Ridley Scott
567,Action," Nu Image, Millennium Films",Expendables-The,Sylvester Stallone
568,,,Bambi-(1942),
569,Drama," Relativity Media, Imagine Entertainment",American-Gangster,
570,Comedy," New Line Cinema, Newman/Tooley, Slap Happy Productions, Heyday Films, Benderspink Productions",Were-the-Millers,Rawson Marshall Thurber
571,Action," Revolution Studios, Neal H. Moritz",xXx,Rob Cohen
572,Action,,Batman-Returns,
573,,,Somethings-Gotta-Give,Nancy Meyers
574,,,Indecent-Proposal,
575,Action," Gotham Group, Temple Hill Entertainment, TSG Entertainment",Maze-Runner-The-Death-Cure,Wes Ball
576,Adventure," Universal Pictures, Marvel Studios, Valhalla Motion Pictures",Incredible-Hulk-The,
577,Action, Universal Pictures,Waterworld,Kevin Reynolds
578,,,Truman-Show-The,Peter Weir
579,Action, Gaumont,Fifth-Element-The,Luc Besson
580,,,Bridget-Jones-The-Edge-Of-Reason,
581,Action," DreamWorks Pictures, Reliance BIG Entertainment, 21 Laps Entertainment, Montford Murphy",Real-Steel,Shawn Levy
582,Action, Marvel Studios,Black-Widow-(2021),Cate Shortland
583,Musical,,Cinderella-(1950),Clyde Geronimi
584,,,Baahubali-2-The-Conclusion-(India),S.S. Rajamouli
585,Adventure, Blue Sky Studios,Epic,Chris Wedge
586,Adventure, Tri-Star Pictures,Jumanji,Joe Johnston
587,Comedy," Four by Two Films, Everyman Pictures, Dune Entertainment, Major Studio Partners",Borat,
588,Action," Carolco Pictures, Ronald Shusett, Tri-Star Pictures",Total-Recall,Paul Verhoeven
589,,,Full-Monty-The,Peter Cattaneo
590,Adventure," 20th Century Fox Animation, Blue Sky Studios",Robots,Carlos Saldanha
591,Horror, Platinum Dunes,Quiet-Place-Part-II-A-(2020),
592,Western," Walt Disney Pictures, Jerry Bruckheimer, Blind Wink, Infinitum Nihil",Lone-Ranger-The,Gore Verbinski
593,Action," Columbia Pictures, Leonard Goldberg, Flower Films, Tall Trees",Charlies-Angels,
594,Thriller/Suspense,14 Entertainment,Blade-Runner-2049,Denis Villeneuve
595,Action," 20th Century Fox, Regency Enterprises, Pink Machine, Todd Garner, Tree Line Film, New Regency",Knight-and-Day,
596,Drama,,Out-of-Africa-(1985),Sydney Pollack
597,Thriller/Suspense," Amblin Entertainment, Bad Robot",Super-8,J.J. Abrams
598,Black Comedy," Atlas Entertainment, Columbia Pictures, Annapurna Pictures",American-Hustle,David O. Russell
599,Drama," Jersey Films, Universal Pictures, Columbia Pictures",Erin-Brockovich,Steven Soderbergh
600,,,Village-The,
601,Horror," Atomic Monster, The Safran Company, RatPac Entertainment, Dune Entertainment",Annabelle,John R. Leonetti
602,Action," New Line Cinema, Arthur Sarkissian, Roger Birnbaum",Rush-Hour-3,
603,,,Bean,
604,Thriller/Suspense," Monkeypaw Pictures, Universal Pictures, Perfect World Pictures",Us-(2019),Jordan Peele
605,,,Gong-fu-yu-jia-(China),
606,,,Fei-Chi-Ren-Sheng-(China)(2019),
607,Adventure," Bona Film Group, August First Film Studios, Huaxia Film & Distribution Coroporation",Taking-of-Tiger-Mountain-The,Tsui Hark
608,Horror," Blumhouse, Miramax Films, Rough House Pictures, Universal Pictures, Malek Akkad",Halloween-(2018),David Gordon Green
609,Action,,Cliffhanger,Renny Harlin
610,Black Comedy," Barunson E&A, Neon Films, CJ Entertainment",gi-saeng-chung-(South-Korea)-(2019),
611,,,Wild-Hogs,Walt Becker
612,Adventure," Amblin Entertainment, Parkes+Macdonald Productions, Columbia Pictures, Tencent Pictures , Image Nation",Men-in-Black-International-(2019),
613,Adventure," StudioCanal, Weinstein Company, Anton Capital Entertainment",Paddington,Paul King
614,Horror," Blumhouse, QC Entertainment, Universal Pictures, Monkeypaw Pictures",Get-Out-(2017),Jordan Peele
615,Western," Paramount Pictures, Scott Rudin Productions, Skydance Productions",True-Grit-(2010),Joel Coen
616,Documentary," Columbia Pictures, The Michael Jackson Company",Michael-Jacksons-This-Is-It,Kenny Ortega
617,Action," Columbia Pictures, Overbrook Entertainment, Blinding Edge Pictures",After-Earth,M. Night Shyamalan
618,Adventure," Team Downey, Universal Pictures, Perfect World Pictures, Roth Kirschenbaum Films",Dolittle,Stephen Gaghan
619,,,Youve-Got-Mail-(1998),
620,Adventure,,Hercules-(1997),
621,Action," Don Simpson, Jerry Bruckheimer, Scott Free Films",Enemy-of-the-State,Tony Scott
622,Adventure, Walt Disney Animation Studios,Brother-Bear,
623,Action," Paramount Pictures, Skydance Productions, Twentieth Century Fox, Tencent Pictures , TSG Entertainment, Lightstorm Entertainment",Terminator-Dark-Fate-(2019),Tim Miller
624,Adventure,,Space-Jam,
625,Adventure," Blue Sky Studios, 20th Century Fox Animation",Peanuts-Movie-The,Steve Martino
626,Adventure," Fox 2000 Pictures, Bagdasarian Company, Regency Enterprises",Alvin-and-the-Chipmunks-The-Road-Chip,Walt Becker
627,Adventure, Davis Entertainment,Eragon,
628,,,Xi-You-Fu-Yao-Pian-(China),
629,Adventure," Wanda Media, Shine Asia Media Company, Hyayi Brothers Corp., Beijing Enlight Pictures, China Film Company",Ghouls-The-(China),Wuershan
630,Horror,,Blair-Witch-Project-The,Daniel Myrick
631,,,Ring-The,Gore Verbinski
632,Thriller/Suspense," Touchstone Pictures, Blinding Edge Pictures",Unbreakable,
633,Comedy," Fox 2000 Pictures, Regency Enterprises, Gil Netter Productions, Sunswept Entertainment",Marley-and-Me,David Frankel
634,,,Bienvenue-chez-les-Ch-tis,
635,Comedy," Columbia Pictures, Happy Madison",Grown-Ups-2,
636,Thriller/Suspense," Blinding Edge Pictures, Blumhouse, Buena Vista Intl, Universal Pictures",Glass-(2019),
637,Romantic Comedy, Working Title Films,Love-Actually,Richard Curtis
638,Comedy, Katja Motion Picture Corporation,Dumb-and-Dumber,Bobby Farrelly
639," Marvel Studios, Kinberg Genre, Twentieth Century Fox, Hutch Parker",,Dark-Phoenix-(2019),Simon Kinberg
640,,,Babe-(1995),
641,Adventure," Walt Disney Pictures, Clark Spencer",Lilo-and-Stitch,Chris Sanders
642,,,8-Mile,
643,Adventure," Paramount Pictures, Nickelodeon Films, BlindWink, GK Films",Rango,Gore Verbinski
644,Adventure," Paramount Pictures, Nickelodeon Films",Teenage-Mutant-Ninja-Turtles-Out-of-the-Shadows,
645,Action," Arthur Sarkissian, Roger Birnbaum",Rush-Hour,Brett Ratner
646,,,Lie-huo-ying-xiong-(China),
647,Action," Universal Pictures, Marvel Studios, Valhalla Motion Pictures, Good Machine",Hulk,
648,,,Back-to-the-Future-Part-III,Robert Zemeckis
649,Adventure," 1492 Pictures, Happy Madison, Film Croppers Entertainment",Pixels,
650,,,Jiang-Ziya-(China),
651,Adventure," Flynn Picture Company, Radical Studios",Hercules-(2014),Brett Ratner
652,,,Journey-to-the-Center-of-the-Earth-(2008),
653,Action, Strike Entertainment,RoboCop-(2013),Jose Padilha
654,Romantic Comedy," Working Title Films, PolyGram Filmed Entertainment, Channel Four Films",Four-Weddings-and-a-Funeral,Mike Newell
655,Comedy," Paramount Pictures, Red Granite Pictures, Gary Sanchez Productions",Daddys-Home-(2015),Sean Anders
656,Action," Douglas/Reuther, WCG, David Permut",Face-Off,John Woo
657,Action," Regency Enterprises, Ubisoft Entertainment, New Regency, DMC Film, The Kennedy/Marshall Company",Assassins-Creed,Justin Kurzel
658,Horror," Screen Gems, Constantin Film, Davis Films, Impact Pictures",Resident-Evil-Retribution,Paul W.S. Anderson
659,Action, Silver Pictures,Die-Hard-2,Renny Harlin
660,,,Crocodile-Dundee-2,
661,Drama,,Dead-Poets-Society,Peter Weir
662,Thriller/Suspense," Columbia Pictures, Metro-Goldwyn-Mayer Pictures, Scott Rudin Productions, Yellow Bird",Girl-with-the-Dragon-Tattoo-The,
663,,,Grand-Canyon-The-Hidden-Secrets,
664,Drama," Village Roadshow Productions, Warner Bros., Malpaso Productions, Flashlight Films, The Kennedy/Marshall Company",Sully,
665,Horror," 20th Century Fox, Scott Free Films, TSG Entertainment, Brandywine",Alien-Covenant,Ridley Scott
666,Action,,Batman-and-Robin,
667,Black Comedy," Warner Bros., Village Roadshow Productions, Infinitum Nihil, GK Films, Zancuk Company",Dark-Shadows,Tim Burton
668,Romantic Comedy," Color Force, Ivanhoe Pictures, Warner Bros., SK Global, Beijing Universe Starlight Culture Media Company, Electric Somewhere",Crazy-Rich-Asians-(2018),
669,Adventure, DisneyToon Studios,Planes,Klay Hall
670,Adventure, Studio Ghibli,Hauru-no-ugoku-shiro,Hayao Miyazaki
671,,,Click,
672,,,Day-the-Earth-Stood-Still-The,Scott Derrickson
673,,,Gang-jiong-(China),
674,Adventure," Columbia Pictures, Sony Pictures Animation",Cloudy-with-a-Chance-of-Meatballs,
675,Comedy," Universal Pictures, Relativity Media, Practical Pictures, Zide Pictures",American-Reunion,
676,,,Few-Good-Men-A,
677,Drama, Weinstein Company,Silver-Linings-Playbook,David O. Russell
678,Action,,2-Fast-2-Furious,
679,Drama," Amblin Entertainment, DreamWorks Pictures",Artificial-Intelligence-AI,
680,Adventure," Universal Pictures, StudioCanal, Working Title Films, Tiger Aspect Pictures, Motion Picture Alpha Produktionsgesellschaft",Mr-Beans-Holiday,Steve Bendelack
681,Comedy,,American-Pie,
682,Action, Warner Bros.,Eraser,Chuck Russell
683,Adventure, Amblin Entertainment,Mask-of-Zorro-The,Martin Campbell
684,Action," Touchstone Pictures, Jerry Bruckheimer",Gone-in-60-Seconds,Dominic Sena
685,Comedy," Chernin Entertainment, Feigco Entertainment",Spy,
686,Comedy,,American-Wedding,
687,Adventure," Davis Entertainment, Dune Entertainment, Ingenious Media, Big Screen Prods, Phoenix Pictures",Gullivers-Travels-(2010),Rob Letterman
688,Drama, Warner Bros.,Million-Dollar-Baby,Clint Eastwood
689,Drama," Fox 2000 Pictures, Chernin Entertainment, Levantine Films",Hidden-Figures,Theodore Melfi
690,,,English-Patient-The,Anthony Minghella
691,,,Sister-Act,
692,Comedy," Mandate Pictures, Mr. Mudd",Juno,Jason Reitman
693,Horror," Atomic Monster, New Line Cinema, The Safran Company",Annabelle-Comes-Home-(2019),Gary Dauberman
694,Drama," Goodfellas Pictures, Fat Kids Productions",Shao-Nian-De-Ni-(China),Derek Tsang
695,Comedy," 20th Century Fox, Chernin Entertainment, TSG Entertainment, Ingenious Media",Heat-The,
696,Action," Relativity Media, Columbia Pictures, Crystal Sky Pictures",Ghost-Rider,Mark Steven Johnson
697,Drama,,vita-e-bella-La,Roberto Benigni
698,Action, Original Film,Green-Hornet-The,Michel Gondry
699,Comedy," Columbia Pictures, Village Roadshow Productions, Ivan Reitman Production",Ghostbusters-(2016),
700,Comedy," Columbia Pictures, Out of the Blue Entertainment, Jack Giarraputo",Big-Daddy-(1999),Dennis Dugan
701,Thriller/Suspense," Tri-Star Pictures, MRC, Working Title Films, Big Talk Pictures",Baby-Driver,
702,Romantic Comedy, Tri-Star Pictures,Sleepless-in-Seattle,Nora Ephron
703,Adventure," Aardman Animations, DreamWorks Animation",Chicken-Run,Nick Park
704,Drama," Black Bear, Bristol Automotive",Imitation-Game-The,Morten Tyldum
705,,,Lethal-Weapon-2,
706,Action," Columbia Pictures, Leonard Goldberg, Flower Films, Tall Trees, Wonderland Sound and Vision",Charlies-Angels-Full-Throttle,
707,Thriller/Suspense," Warner Bros., GK Films, Smoke House Pictures",Argo,Ben Affleck
708,,,Fang-Hua-(China),
709,Thriller/Suspense," EuropaCorp, M6 Films, Grive Productions, Canal Plus, TPS Star",Taken,Pierre Morel
710,Comedy," Village Roadshow Productions, Mosaic Media, Mad Chance, Callahan Filmworks",Get-Smart,
711,Comedy," Warner Bros., Village Roadshow Productions, Heyday Films, Zancuk Company",Yes-Man,Peyton Reed
712,Drama," Lawrence Bender, Miramax Films",Good-Will-Hunting,Gus Van Sant
713,Drama,,Rocky,John G. Avildsen
714,Drama," Columbia Pictures, Relativity Media",Social-Network-The-(2010),David Fincher
715,Romantic Comedy," Universal Pictures, Relativity Media, Waverly Films, Scott Rudin Productions",Its-Complicated,Nancy Meyers
716,Drama," Chernin Entertainment, 20th Century Fox, TSG Entertainment, Turnpike Films",Ford-v-Ferrari-(2019),James Mangold
717,Comedy," Walt Disney Pictures, Gunnfilms, Marc Platt Productions",Cruella-(2021),Craig Gillespie
718,Action, Touchstone Pictures,Con-Air,Simon West
719,Horror, Geffen Pictures,Interview-with-the-Vampire-(1994),
720,Adventure," Fox 2000 Pictures, 1492 Pictures, Sunswept Entertainment, Dune Entertainment, Big Screen Prods, Phoenix Pictures",Percy-Jackson-and-the-Lightning-Thief,Chris Columbus
721,Adventure, Walt Disney Pictures,Honey-I-Shrunk-the-Kids,Joe Johnston
722,Adventure," Regency Enterprises, New Regency, Hypnotic",Jumper,Doug Liman
723,,,Non-Stop-(2013),
724,Comedy, Guy Walks Into a Bar,Elf,Jon Favreau
725,Adventure,,Little-Mermaid-The,
726,Action," Weed Road Pictures, Village Roadshow Productions",Constantine,
727,Adventure," Walt Disney Pictures, Happy Madison, Conman & Izzy",Bedtime-Stories,Adam Shankman
728,,,Presumed-Innocent,Alan J. Pakula
729,Adventure," Working Title Films, Cross Creek Pictures, Walden Media, Universal Pictures, Free State Pictures, RVK",Everest-(2015),Baltasar Kormakur
730,,,Wild-Wild-West,
731,,,Fahrenheit-9-11,
732,Thriller/Suspense," Skydance Productions, Electric Entertainment",Geostorm,Dean Devlin
733,Drama," Columbia Pictures, Scott Rudin Productions, Michael De Luca Productions, Trigger Street Productions",Captain-Phillips,Paul Greengrass
734,,,Song-Ni-Yi-Duo-Xiao-Hong-Hua-(2020-China),
735,Action," Legendary Pictures, Relativity Media, Michael De Luca Productions",Dracula-Untold,Gary Shore
736,Action," De Line Pictures, Warner Bros.",Green-Lantern-(2011),Martin Campbell
737,Thriller/Suspense," Image Entertainment, Columbia Pictures, LStar Capital, Brian Grazer Productions",Inferno,Ron Howard
738,Romantic Comedy," Universal Pictures, Judd Apatow",Knocked-Up,
739,Drama," Columbia Pictures, Regency Enterprises, Pascal Pictures",Little-Women-(2019),Greta Gerwig
740,Action, Twentieth Century Fox,Kingdom-of-Heaven,Ridley Scott
741,Drama," DreamWorks Pictures, Amblin Entertainment, Parkes+Macdonald Productions",Terminal-The-(2004),
742,Adventure," DreamWorks SKG, DreamWorks Animation",Prince-of-Egypt-The,Brenda Chapman
743,Romantic Comedy," 20th Century Fox, Regency Enterprises, 21 Laps Entertainment, Mosaic Media",What-Happens-in-Vegas,Tom Vaughan
744,Adventure," Walt Disney Pictures, Jerry Bruckheimer, Saturn Films, Broken Road",Sorcerers-Apprentice-The,Jon Turteltaub
745,Action," DreamWorks Pictures, Paramount Pictures, Parkes+Macdonald Productions, Edge City, Image Nation",Collateral,
746,,,Valentines-Day,
747,Thriller/Suspense," Paramount Pictures, Skydance Productions, Tom Cruise Productions",Jack-Reacher,Christopher McQuarrie
748,Comedy," Fuzzy Door, Bluegrass Films",Ted-2,
749,Comedy," New Line Cinema, Universal Pictures, RatPac Entertainment, Dune Entertainment, Perfect World Pictures, Bluegrass Films, Principato-Young Entertainment",Central-Intelligence,Rawson Marshall Thurber
750,Comedy, Universal Pictures,Twins,Ivan Reitman
751,Adventure, Sony Pictures Animation,Emoji-Movie-The,
752,Horror," Columbia Pictures, American Zoetrope, Osiris Films",Dracula-(1992),
753,Comedy,,Ghostbusters-II,
754,Comedy," Sony Pictures, Mosaic Media",Bad-Teacher,Jake Kasdan
755,,,Patriot-The-(2000),Roland Emmerich
756,Adventure," EuropaCorp, Fundamental Films, BNP Paribas Film Fund, River Road Entertainment, Belga Films, Valerian S.A.S., TF1 Film Productions, OCS., Orange Studio, Universum Film, Novo Pictures",Valerian-and-the-City-of-a-Thousand-Planets-(France),
757,Drama," Twentieth Century Fox, Bazmark Film 2 Pty Ltd",Australia-(2008),Baz Luhrmann
758,Romantic Comedy," Columbia Pictures, Happy Madison",Just-Go-With-It,Dennis Dugan
759,Action," Paramount Pictures, Metro-Goldwyn-Mayer Pictures, MTV Films, Gary Sanchez Productions",Hansel-and-Gretel-Witch-Hunters,Tommy Wirkola
760,Thriller/Suspense," Touchstone Pictures, Imagine Entertainment, Brian Grazer Productions",Flightplan,Robert Schwentke
761,,,Bourne-Identity-The,Doug Liman
762,,,Xia-Luo-Te-Fan-Nao-(China)(2015),Da-Mo Peng
763,Drama,,Dirty-Dancing-(1987),
764,Adventure," Zaftig Films, RatPac Entertainment, Warner Bros., Warner Animation Group",Smallfoot-(2018),Karey Kirkpatrick
765,Drama," Metro-Goldwyn-Mayer Pictures, Warner Bros., New Line Cinema, Chartoff Winkler Productions",Creed-II-(2018),
766,Action," United China Vision, Asia Union Film and Entertainment LTD, Sony Pictures Classics, Edko Films, Good Machine, Columbia Pictures, China Film Co. LTD",Crouching-Tiger-Hidden-Dragon,Ang Lee
767,,,Vertical-Limit,
768,Action," Columbia Pictures, Relativity Media, Original Film",Battle-Los-Angeles,Jonathan Liebesman
769,Comedy," Castle Rock Entertainment, Village Roadshow Productions",Miss-Congeniality,Donald Petrie
770,Drama," DreamWorks Pictures, Participant Media, Reliance BIG Entertainment, Image Nation Abu Dhabi, 1492 Pictures, Harbinger Pictures",Help-The,Tate Taylor
771,Adventure," Paramount Pictures, DreamWorks Pictures, Parkes+Macdonald Productions, Nikelodeon Movies",Lemony-Snickets-A-Series-of-Unfortunate-Events,
772,Adventure," 20th Century Fox, Miramax Films, Universal Pictures, Samuel Goldwyn Films",Master-and-Commander-The-Far-Side-of-the-World,Peter Weir
773,Drama," Jersey Films, A Band Apart",Pulp-Fiction,
774,Musical," Lucamar, Marc Platt Productions",Into-the-Woods,Rob Marshall
775,Thriller/Suspense, Wingnut Films,District-9,Neill Blomkamp
776,Comedy," New Line Cinema, Rat Entertainment",Horrible-Bosses,Seth Gordon
777,Comedy," Morgan Creek Productions, Warner Bros.",Ace-Ventura-When-Nature-Calls,Steve Oedekerk
778,Drama," Universal Pictures, Relativity Media, Forward Pass, Misher Films, Tribeca Film, Appian Way",Public-Enemies-(2009),Michael Mann
779,,,Disclosure-(1994),Barry Levinson
780,,,End-of-Days,Peter Hyams
781,Action," Sony Pictures, Original Film",Total-Recall-(Remake),Len Wiseman
782,Comedy," Legendary Pictures, Green Hat Films",Due-Date,Todd Phillips
783,Thriller/Suspense," Regency Enterprises, 20th Century Fox, Fountainbridge Films",Entrapment,Jon Amiel
784,Action," Relativity Media, Rogue Pictures",Immortals,Tarsem Singh
785,Drama," QED International, Le Grisbi, Crave Films",Fury-(2014),David Ayer
786,Action," United Artists, Eon Productions",Moonraker,Gilbert Lewis
787,Action," Nu Image, Millennium Films",Expendables-3-The,Patrick Hughes
788,,,Hou-Lai-De-Wo-Men-(China),
789,Drama,,Braveheart,
790,Horror," Zancuk Company, David Brown, Universal Pictures",Jaws-2,Jeannot Szwarc
791,,,Aviator-The-(2004),
792,Drama,,Traffic,
793,Drama," New Line Cinema, Metro-Goldwyn-Mayer Pictures, Sunswept Entertainment",Me-Before-You,Thea Sharrock
794,,,Garfield-The-Movie,Peter Hewitt
795,Adventure," Village Roadshow Asia, Chinavision Media Group, Bingo Movie Development, Edko Films, Wanda Media",Xi-you-xiang-mo-pian,Stephen Chow
796,Thriller/Suspense," Universal Pictures, Relativity Media, Bluegrass Films",Safe-House,
797,,,Others-The-(2001),Alejandro AmenÃ¡bar
798,Action," Mace Neufeld, Robert Rehme",Clear-and-Present-Danger,Phillip Noyce
799,Romantic Comedy," Perfect World Pictures, Universal Pictures, Miramax Films, StudioCanal, Working Title Films",Bridget-Joness-Baby,
800,Action, Columbia Pictures,S-W-A-T,
801,Horror," Paramount Pictures, Mandalay Vision, Scott Rudin Productions, American Zoetrope",Sleepy-Hollow-(1999),Tim Burton
802,Horror," Paramount Pictures, Blumhouse, Solana Films, Room 101",Paranormal-Activity-3,Henry Joost
803,Adventure, A113 ,Tomorrowland,Brad Bird
804,Drama," Plan B Entertainment, Columbia Pictures",Eat-Pray-Love,Ryan Murphy
805,Action," Universal Pictures, Mediastream Film, Neal H. Moritz",Fast-and-the-Furious-The,Rob Cohen
806,Thriller/Suspense," Universal Pictures, Imagine Entertainment",Red-Dragon,Brett Ratner
807,Romantic Comedy, Wild West Picture Show,Break-Up-The,Peyton Reed
808,Thriller/Suspense," Columbia Pictures, Mythology Entertainment, Centropolis Entertainment",White-House-Down,
809,Drama," Camelot Pictures, Ixtlan Productions, A. Kitman Ho, Regency Enterprises",JFK-(1991),Oliver Stone
810,,,Ren-zai-jiong-tu-zhi-tai-jiong,
811,Romantic Comedy," Columbia Pictures, Relativity Media, Lakeshore Entertainment, Steven Reuther",Ugly-Truth-The,
812,Romantic Comedy," Columbia Pictures, Universal Pictures, Relativity Media, Waverly Films",Holiday-The,
813,Adventure," Studio Ghibli, Nippon Television Network, Dentsu Inc., Hakuhoda, Walt Disney Japan",Gake-no-ue-no-Ponyo,Hayao Miyazaki
814,Adventure," Sunswept Entertainment, De Line Pictures, Rhythm and Hues",Yogi-Bear,Eric Brevig
815,Thriller/Suspense," Metro-Goldwyn-Mayer Pictures, United Artistic Group, Bad Hat Harry Productions, Achte Babelsberg Film",Valkyrie,Bryan Singer
816,Adventure," Touchstone Pictures, Jerry Bruckheimer",King-Arthur-(2004),Antoine Fuqua
817,,,Chai-Dan-Zhuan-Jia-Er-(2020-Hong-Kong),
818,Drama," Paramount Pictures, FilmNation Entertainment, Lava Bear Films, 21 Laps Entertainment",Arrival-(2016),Denis Villeneuve
819,Drama," Amblin Entertainment, Reliance Entertainment, Walden Media, Pariah Productions",Dogs-Purpose-A,Lasse HallstrÃ¶m
820,Comedy," Columbia Pictures, Imagine Entertainment, Brian Grazer Productions, JC 23 Entertainment, Bart/Palevsky",Fun-With-Dick-And-Jane,Dean Parisot
821,Comedy," Columbia Pictures, Relativity Media, Happy Madison",You-Don-t-Mess-With-the-Zohan,
822,Musical," New Line Cinema, Ingenious Film Partners, Zadan/Meron",Hairspray-(2007),
823,Comedy," Columbia Pictures, Metro-Goldwyn-Mayer Pictures, Relativity Media, Original Film, Cannell Studios",21-Jump-Street,Phil Lord
824,Thriller/Suspense," Cruise-Wagner, Vynil Films",Vanilla-Sky,
825,Drama," Broken Chair Flickz, New Line Cinema, Cube Vision, Crucial Films",Straight-Outta-Compton,F. Gary Gray
826,Comedy,,Patch-Adams,Tom Shadyac
827,Adventure,,Teenage-Mutant-Ninja-Turtles-(1990),Steve Barron
828,Comedy, Imagine Entertainment,Kindergarten-Cop,Ivan Reitman
829,Action," LuckyChap Entertainment, Kroll and Company Entertainment, Clubhouse Pictures, Warner Bros.",Birds-of-Prey-(And-the-Fantabulous-Emancipation-of-One-Harley-Quinn)-(2020),Cathy Yan
830,Drama," Paramount Pictures, Polygram Pictures",Flashdance-(1983),Adrian Lyne
831,Drama, Tri-Star Pictures,Philadelphia-(1993),
832,Adventure, 1492 Pictures,Percy-Jackson-Sea-of-Monsters,Thor Freudenthal
833,Comedy, Village Roadshow Productions,Cats-and-Dogs,Lawrence Guterman
834,Adventure," The Jackal Group, Cinesite, Metro-Goldwyn-Mayer Pictures, Annapurna Films",Addams-Family-The-(2019),
835,Thriller/Suspense," Mace Neufeld, Jerry Sherlock",Hunt-for-Red-October-The,John McTiernan
836,Action,,Rocky-2,Sylvester Stallone
837,Adventure," Walden Media, Walt Disney Pictures, Amblin Entertainment, Reliance Entertainment, The Kennedy/Marshall Company",BFG-The-(2016),Steven Spielberg
838,,,Wu-Sha-(China),
839,Romantic Comedy," Castle Rock Entertainment, Village Roadshow Productions, NPV Entertainment",Two-Weeks-Notice,Marc Lawrence
840,Drama," Regency Enterprises, Warner Bros., Atlas Entertainment",City-of-Angels-(1998),Brad Silberling
841,Comedy,,Yi-Chu-Hao-Xi-(China)-(2018),Huang Bo
842,,,Pacifier-The,Adam Shankman
843,Adventure, Troublemaker Studios,Spy-Kids,Robert Rodriguez
844,Adventure," New Line Cinema, Legendary Pictures, Original Film, Big Kid Pictures, Bad Hat Harry Productions, Bryan Singer",Jack-the-Giant-Slayer,Bryan Singer
845,Drama," Screen Gems, Spyglass Entertainment, Birnbaum/Barber",Vow-The,Michael Sucsy
846,Adventure," Aardman Animations, DreamWorks Animation",Wallace-and-Gromit-The-Curse-of-the-Were-Rabbit,Nick Park
847,Adventure," Kerner Entertainment Company, Columbia Pictures, LStar Capital, Wanda Media, Sony Pictures Animation",Smurfs-The-Lost-Village,Kelly Asbury
848,Adventure," Walt Disney Pictures, 2Dux2",Christopher-Robin-(2018),Marc Forster
849,Comedy, Waverly Films,Intern-The,Nancy Meyers
850,Adventure," StudioCanal, Centropolis Entertainment",Stargate,Roland Emmerich
851,Action, di Bonaventura Pictures,Red-(2010),Robert Schwentke
852,Romantic Comedy, Happy Madison,50-First-Dates,
853,,,Panic-Room,
854,Drama," Double Dare You, Fox Searchlight Pictures",Shape-of-Water-The,Guillermo del Toro
855,,,Anger-Management,
856,,,For-Your-Eyes-Only,John Glen
857,Thriller/Suspense," Nu Image, Millennium Films",London-Has-Fallen,Babak Najafi
858,Comedy, LBI Entertainment,Other-Woman-The-(2014),Nick Cassavetes
859,Adventure," Paramount Pictures, Shangri-La Entertainment, ImageMovers",Beowulf,Robert Zemeckis
860,Drama," Carnival Films, Focus Features, Perfect World Pictures",Downton-Abbey-(UK)-(2019),Michael Engler
861,Horror," Blumhouse, Solana Films",Paranormal-Activity,Oren Peli
862,Action," Electronic Arts, Bandito Brothers, Mark Sourian, John Gatins",Need-for-Speed,Scott Waugh
863,Action," Global Star Productions, China Film Company, Fanoy Planet Entertainment, HG Entertainment, Luxun Group, Jiangsu Wenhua Dongrun Film and TV Culture, Yoo.com, IQIYI Motion Pictures, Filmko Film Co, Golden Shores Films",Xi-You-Ji-zhi-Sun-Wu-Kong-San-Da-Bai-Gu-Jing-(China)-(2016),Cheang Pou-Soi
864,Comedy," Touchstone Pictures, Rocket Pictures, Focus Features",Gnomeo-and-Juliet,Kelly Asbury
865,,,Sum-of-All-Fears-The,
866,Adventure," Heyday Films, StudioCanal, Dimension Films, Anton Capital Entertainment",Paddington-2,Paul King
867,Action," Escape Artists, Zhiv, Mace Neufeld, Columbia Pictures",Equalizer-The,Antoine Fuqua
868,Action," Tin Tin, Well Go USA Entertainment",Yip-Man-4-(Hong-Kong),Wilson Yip
869,Drama," MARV Films, Paramount Pictures, New Republic Pictures, Rocket Pictures",Rocketman-(UK)-(2019),Dexter Fletcher
870,Adventure," Columbia Pictures, Sony Pictures Animation",Open-Season-(2006),
871,Comedy," Paramount Pictures, Columbia Pictures, Happy Madison, MTV Films, Callahan Filmworks",Longest-Yard-The-(2005),
872,Comedy,,Addams-Family-The,
873,Action," Eon Productions, United Artists",Living-Daylights-The,
874,,,Hollow-Man,
875,Comedy," DreamWorks Pictures, Red Hour Productions, Goldcrest Films",Tropic-Thunder,
876,Horror," New Line Cinema, Atomic Monster, The Safran Company",Conjuring-The-Devil-Made-Me-Do-It-The,Michael Chaves
877,Adventure," DreamWorks Animation, Dentsu Inc.",Croods-A-New-Age-The-(2020),Joel Crawford
878,Adventure," Walt Disney Pictures, Hollywood Pictures, Outlaw Productions",Santa-Clause-The,
879,Adventure,,Superman-II,
880,Action," Columbia Pictures, Escape Artists, Zhiv, Mace Neufeld",Equalizer-2-The,Antoine Fuqua
881,Drama,,Tenki-no-Ko-(Japan),Makoto Shinkai
882,Comedy, Robert Simonds Company,Cheaper-by-the-Dozen-(2003),Shawn Levy
883,Comedy," Touchstone Pictures, Robert Simonds Company, Jack Giarraputo",Waterboy-The-(1998),
884,Adventure," Lord Miller, Vertigo Entertainment, Rideback, Warner Bros., Lego Systems A/S ",Lego-Movie-2-The-Second-Part-The-(2019),
885,Thriller/Suspense, Warner Bros.,Outbreak,Wolfgang Petersen
886,Adventure," 20th Century Fox, Davis Entertainment, Dune Entertainment",Mr-Poppers-Penguins,Mark Waters
887,,,X-Files-Fight-the-Future-The,
888,,,Xin-Hua-Lu-Fang,Hao Ning
889,Action,,Rambo-III,
890,Adventure," Pearl Studio, DreamWorks Animation",Abominable-(2019),Jill Culton
891,Adventure," Relativity Media, Illumination Entertainment",Hop,
892,Thriller/Suspense, Warner Bros.,Pelican-Brief-The-(1993),Alan J. Pakula
893,Adventure," Samuel Goldwyn Films, Red Hour Productions, New Line Cinema",Secret-Life-of-Walter-Mitty-The-(2012),
894,Drama," Fox 2000 Pictures, Tree Line Film, Catfish",Walk-the-Line,James Mangold
895,Action," Eon Productions, United Artists",Octopussy,John Glen
896,Drama," Lion Brand Film, Warner Bros., Regency Enterprises",Heat-(1995),Michael Mann
897,,,Final-Destination-The,
898,Thriller/Suspense," Castle Rock Entertainment, Columbia Pictures",In-the-Line-of-Fire,Wolfgang Petersen
899,,,Grudge-The-(2004),Takaski Shimizu
900,Action," Legendary Pictures, Lawrence Gordon, Lloyd Levin",Watchmen,Zack Snyder
901,,,Horse-Whisperer-The-(1998),Robert Redford
902,Thriller/Suspense," Escape Artists, Mystery Clock Cinema",Knowing,Alex Proyas
903,,,Atlantis-The-Lost-Empire,Gary Trousdale
904,,,Wu-Shuang-(Hong-Kong)-(2018),
905,Adventure," Columbia Pictures, Relativity Media, Happy Madison",Paul-Blart-Mall-Cop,Steve Carr
906,Thriller/Suspense," Universal Pictures, Imagine Entertainment, Brian Grazer Productions",Inside-Man,Spike Lee
907,Comedy," Universal Pictures, Gold Circle Films, Brownstone",Pitch-Perfect-3,
908,Comedy," Universal Pictures, Relativity Media, Happy Madison",I-Now-Pronounce-You-Chuck-and-Larry,
909,,,White-Storm-2-The-Drug-Lords-(Hong-Kong),
910,Action, Eon Productions,Spy-Who-Loved-Me-The,Gilbert Lewis
911,,,Xuan-Ya-Zhi-Shang-(2021-China),Zhang Yimou
912,Musical, Walt Disney Pictures,Snow-White-and-the-Seven-Dwarfs,David Hand
913,Horror, Twentieth Century Fox,Alien-(1979),Ridley Scott
914,Action," Millennium Films, Cristal Pictures, East Light Film, CG Films  ",Hitmans-Bodyguard-The,Patrick Hughes
915,Drama," DreamWorks Pictures, 20th Century Fox, Zancuk Company",Road-to-Perdition,Sam Mendes
916,Adventure," RatPac Entertainment, Dune Entertainment, Warner Animation Group",Storks,Nicholas Stoller
917,Action,,Aliens,James Cameron
918,Drama, Alberto Grimaldi,Gangs-of-New-York,Martin Scorsese
919,,,Waynes-World,
920,,,Maverick,
921,Action," Regency Enterprises, 20th Century Fox, Marvel Studios, New Regency, Horseshoe Bay",Daredevil,
922,,,Du-cheng-feng-yun-III-(Hong-Kong),
923,Comedy, Touchstone Pictures,Sweet-Home-Alabama,Andy Tennant
924,Thriller/Suspense," Tribeca Film, Amblin Entertainment",Cape-Fear,Martin Scorsese
925,Romantic Comedy, Hollywood Pictures,While-You-Were-Sleeping,Jon Turteltaub
926,Action," Warner Bros., Village Roadshow Productions, Anarchos Productions, RatPac Entertainment, Dune Entertainment",Jupiter-Ascending,The Wachowskis*
927,Comedy,,Birdcage-The,
928,Adventure,,Poseidon,Wolfgang Petersen
929,,,First-Wives-Club-The,Hugh Wilson
930,Romantic Comedy," New Line Cinema, Flower Film",Hes-Just-Not-That-Into-You,Ken Kwapis
931,Thriller/Suspense," Touchstone Pictures, Jerry Bruckheimer, Scott Free Films",Deja-Vu-(2006),
932,,,Scooby-Doo-2-Monsters-Unleashed,
933,Drama," Regency Enterprises, River Road Entertainment, Plan B Entertainment, New Regency, Film4",12-Years-a-Slave,Steve Rodney McQueen
934,Thriller/Suspense," DreamWorks Pictures, K/O Productions",Eagle-Eye,D.J. Caruso
935,Comedy," Bill Block Media, STX Entertainment, Hyayi Brothers Corp., Suzanne Todd",Bad-Moms,Jon Lucas
936,Horror, Roth/Arnold,Haunting-The-(1999),Jan De Bont
937,Comedy," Paramount Pictures, Four by Two Films, Berg Mandel, Scott Rudin Productions",Dictator-The,
938,Adventure," GK Films, Infinitum Nihil",Hugo,Martin Scorsese
939,Drama," DreamWorks Pictures, Amblin Entertainment, 20th Century Fox, Participant Media, Star Thrower Entertainment",Post-The,Steven Spielberg
940,Adventure," DreamWorks Pictures, DreamWorks Animation, Aardman Animations",Flushed-Away,Sam Fell
941,,,League-of-Extraordinary-Gentlemen-The-(2003),Stephen Norrington
942,Musical, Bazmark,Moulin-Rouge,Baz Luhrmann
943,,,Dangerous-Minds,
944,Comedy,,Scary-Movie-4,
945,,,How-to-Lose-a-Guy-in-10-Days,
946,,,Dantes-Peak-(1997),Roger Donaldson
947,Action," Mace Neufeld, Robert Rehme",Patriot-Games,Phillip Noyce
948,,,Flubber,Les Mayfield
949,,,Double-Jeopardy,
950,,,Jet-Lis-Hero,
951,Horror," Blumhouse, Solana Films",Paranormal-Activity-2-(2010),Tod Williams
952,Action," 20th Century Fox, Dune Entertainment, Stephen J. Cannell, Top Cow, Scott Free Films",A-Team-The,Joe Carnahan
953,Comedy,,Tootsie,Sydney Pollack
954,Drama," Weinstein Company, Laura Ziskin Productions, Windy Hill Pictures, Follow Through Productions, Salamander Pictures, Pam Williams Productions",Butler-The,Lee Daniels
955,Drama, River Road Entertainment,Brokeback-Mountain,Ang Lee
956,Comedy, Warner Bros.,Analyze-This,Harold Ramis
957,Action, A Band Apart,Kill-Bill-Volume-1,
958,,,40-Year-old-Virgin-The,Judd Apatow
959,Comedy,,Hot-Shots,
960,Adventure, De Line Pictures,Italian-Job-The-(2003),
961,,,Dr-Dolittle-2,
962,Action," DreamWorks Pictures, Reliance BIG Entertainment, Imagine Entertainment, K/O Paper Products, Fairview Entertainment, Platinum Studios, Universal Pictures, Relativity Media",Cowboys-and-Aliens,Jon Favreau
963,Comedy," Paramount Pictures, 7 Bucks Productions, Contrafilm, Montecito Picture Company, Vinson Pictures, Flynn Picture Company, Cold Springs Pictures",Baywatch,
964,Comedy," Red Granite Pictures, Gary Sanchez Productions, Paramount Pictures",Daddys-Home-2,Sean Anders
965,,,Bridges-of-Madison-County-The-(1995),Clint Eastwood
966,Drama," Fox Searchlight Pictures, Ad Hominem Enterpises, Dune Entertainment, Little Blair Productions, Ingenious Film Partners",Descendants-The,Alexander Payne
967,Comedy," Universal Pictures, Relativity Media, Bluegrass Films, Aggregate Films",Identity-Thief,Seth Gordon
968,,,Sleeping-with-the-Enemy,Joseph Ruben
969,,,Bucket-List-The,Rob Reiner
970,,,George-Of-The-Jungle,Sam Weisman
971,,,Jin-gang-chuan-(2020-China),
972,,,Operation-Mekong,
973,Thriller/Suspense," Marc Platt Productions, DreamWorks Pictures, Reliance Entertainment, Entertainment One",Girl-on-the-Train-The-(2016),Tate Taylor
974,Romantic Comedy,,Fabuleux-destin-d-Amelie-Poulain-Le,
975,Comedy," Relativity Media, Spyglass Entertainment",Evan-Almighty,
976,Adventure," Visualizer Film, Shanghai Film Group",Pan-Deng-Zhe-(China),Daniel Lee
977,Adventure," Relativity Media, Yuk Films, Goldman Pictures, Rat Entertainment, Misher Films",Mirror-Mirror,
978,Drama," Metro-Goldwyn-Mayer Pictures, Warner Bros., New Line Cinema, Chartoff Winkler Productions",Creed,
979,,,Big-Mommas-House,
980,Drama," Malpaso Productions, Imperative Entertainment, Warner Bros., Bron Creative",Mule-The-(2018),Clint Eastwood
981,Horror," Dimension Films, Woods Entertainment",Scream,Wes Craven
982,Romantic Comedy, Jersey Films,Along-Came-Polly-(2004),John Hamburg
983,Thriller/Suspense," Millennium Films, Nu Image, Gerard Butler Alan Siegel Entertainment",Olympus-Has-Fallen,
984,Adventure," Walt Disney Pictures, Outlaw Productions, Boxing Cat",Santa-Clause-2-The,Michael Lembeck
985,Horror," Blumhouse, Stage 6 Films, Universal Pictures",Insidious-The-Last-Key,Adam Robitel
986,,,AVP-Alien-Vs-Predator,
987,Comedy," Relativity Media, Stuber Pictures, Wild West Picture Show, Universal Pictures",Couples-Retreat,Peter Billingsley
988,,,Scream-2,
989,Comedy," Gary Sanchez Productions, Apatow Productions",Anchorman-2,Adam McKay
990,Action," Summit Entertainment, Red Wagon Entertainment",Divergent-Series-Allegiant-The,Robert Schwentke
991,,,Jackass-3D,
992,Action," Initial Entertainment Group, Virtual Studios, Spring Creek Prod, Bedford Falls",Blood-Diamond,
993,Action," Thunder Road Film, Summit Entertainment, 87Eleven Inc.",John-Wick-Chapter-Two,Chad Stahelski
994,,,Cloverfield,
995,,,Mr-Deeds,Steven Brill
996,Comedy," Gary Sanchez Productions, Mosaic Media, Sony Pictures",Other-Guys-The-(2010),
997,Romantic Comedy," Columbia Pictures, Metro-Goldwyn-Mayer Pictures, Broken Road, Hey Eddie, Happy Madison",Zookeeper,Frank Coraci
998,Adventure," Walt Disney Pictures, Dorothy McKim",Meet-the-Robinsons,Stephen Anderson
999,Comedy," Warner Bros., Nick Wechsler, Gregory Jacobs, Iron Horse, Extension 765",Magic-Mike,Steven Soderbergh
